epoch,loss,skeleton,smooth,step,val_loss
0,0.26059988141059875,0.0,0.0,9,
0,0.1340056210756302,0.0,0.0,19,
0,0.06206249073147774,0.0,0.0,29,
0,,,,30,0.05316901579499245
1,0.039575330913066864,0.0,0.0,39,
1,0.0318162702023983,0.0,0.0,49,
1,0.02711443603038788,0.0,0.0,59,
1,,,,61,0.025753716006875038
2,0.023251637816429138,0.0,0.0,69,
2,0.0181173924356699,0.0,0.0,79,
2,0.015388661995530128,0.0,0.0,89,
2,,,,92,0.014248793013393879
3,0.013951907865703106,0.0,0.0,99,
3,0.011816192418336868,0.0,0.0,109,
3,0.010667859576642513,0.0,0.0,119,
3,,,,123,0.010105596855282784
4,0.010081911459565163,0.0,0.0,129,
4,0.00882724393159151,0.0,0.0,139,
4,0.007861888967454433,0.0,0.0,149,
4,,,,154,0.00778174726292491
5,0.0070663560181856155,0.0,0.0,159,
5,0.006939655169844627,0.0,0.0,169,
5,0.006224681623280048,0.0,0.0,179,
5,,,,185,0.0062968977726995945
6,0.006391869857907295,0.0,0.0,189,
6,0.005701142363250256,0.0,0.0,199,
6,0.005208540707826614,0.0,0.0,209,
6,,,,216,0.005501383915543556
7,0.005335195921361446,0.0,0.0,219,
7,0.0051016234792768955,0.0,0.0,229,
7,0.004537898115813732,0.0,0.0,239,
7,,,,247,0.0048774490132927895
8,0.004618222359567881,0.0,0.0,249,
8,0.005206590984016657,0.0,0.0,259,
8,0.004631052725017071,0.0,0.0,269,
8,,,,278,0.004297093488276005
9,0.004052604548633099,0.0,0.0,279,
9,0.004089647438377142,0.0,0.0,289,
9,0.00345939164981246,0.0,0.0,299,
9,0.0030100024305284023,0.0,0.0,309,
9,,,,309,0.00392059376463294
10,0.003984027076512575,0.0,0.0,319,
10,0.003741938155144453,0.0,0.0,329,
10,0.0032943838741630316,0.0,0.0,339,
10,,,,340,0.003718453925102949
11,0.0037790958303958178,0.0,0.0,349,
11,0.0034120858181267977,0.0,0.0,359,
11,0.0034623933024704456,0.0,0.0,369,
11,,,,371,0.00356099009513855
12,0.0034792383667081594,0.0,0.0,379,
12,0.003308772575110197,0.0,0.0,389,
12,0.003422993002459407,0.0,0.0,399,
12,,,,402,0.003427948569878936
13,0.003431743010878563,0.0,0.0,409,
13,0.0035118733067065477,0.0,0.0,419,
13,0.0034829527139663696,0.0,0.0,429,
13,,,,433,0.003318025264889002
14,0.002947205910459161,0.0,0.0,439,
14,0.0036339289508759975,0.0,0.0,449,
14,0.0034495708532631397,0.0,0.0,459,
14,,,,464,0.0032245616894215345
15,0.003286178456619382,0.0,0.0,469,
15,0.003393392311409116,0.0,0.0,479,
15,0.0030861764680594206,0.0,0.0,489,
15,,,,495,0.003141164081171155
16,0.003289764281362295,0.0,0.0,499,
16,0.003196003846824169,0.0,0.0,509,
16,0.0027487659826874733,0.0,0.0,519,
16,,,,526,0.003065120428800583
17,0.003133677877485752,0.0,0.0,529,
17,0.0030693328008055687,0.0,0.0,539,
17,0.0027363786939531565,0.0,0.0,549,
17,,,,557,0.00299649010412395
18,0.0027159659657627344,0.0,0.0,559,
18,0.0034199063666164875,0.0,0.0,569,
18,0.002909416100010276,0.0,0.0,579,
18,,,,588,0.0029353147838264704
19,0.002677042968571186,0.0,0.0,589,
19,0.0029777907766401768,0.0,0.0,599,
19,0.0023784623481333256,0.0,0.0,609,
19,0.0017200536094605923,0.0,0.0,619,
19,,,,619,0.002880010986700654
20,0.0028014255221933126,0.0,0.0,629,
20,0.0027178581804037094,0.0,0.0,639,
20,0.002419886412099004,0.0,0.0,649,
20,,,,650,0.0028287095483392477
21,0.002970005851238966,0.0,0.0,659,
21,0.0025893920101225376,0.0,0.0,669,
21,0.0026674382388591766,0.0,0.0,679,
21,,,,681,0.00278073875233531
22,0.002680630888789892,0.0,0.0,689,
22,0.0025899417232722044,0.0,0.0,699,
22,0.002705097896978259,0.0,0.0,709,
22,,,,712,0.0027361088432371616
23,0.0027260787319391966,0.0,0.0,719,
23,0.002911378862336278,0.0,0.0,729,
23,0.002808420220389962,0.0,0.0,739,
23,,,,743,0.0026944016572088003
24,0.0023507156874984503,0.0,0.0,749,
24,0.003005328821018338,0.0,0.0,759,
24,0.0028214536141604185,0.0,0.0,769,
24,,,,774,0.002653597854077816
25,0.002729016589000821,0.0,0.0,779,
25,0.0028013703413307667,0.0,0.0,789,
25,0.002496726345270872,0.0,0.0,799,
25,,,,805,0.0026103609707206488
26,0.002723021199926734,0.0,0.0,809,
26,0.0026359637267887592,0.0,0.0,819,
26,0.002241938142105937,0.0,0.0,829,
26,,,,836,0.0025647201109677553
27,0.00259135733358562,0.0,0.0,839,
27,0.002560793422162533,0.0,0.0,849,
27,0.0022453286219388247,0.0,0.0,859,
27,,,,867,0.002521525602787733
28,0.0022821659222245216,0.0,0.0,869,
28,0.002940315753221512,0.0,0.0,879,
28,0.002460237592458725,0.0,0.0,889,
28,,,,898,0.002482735551893711
29,0.0022588958963751793,0.0,0.0,899,
29,0.0025128682609647512,0.0,0.0,909,
29,0.0019824320916086435,0.0,0.0,919,
29,0.0014027360593900084,0.0,0.0,929,
29,,,,929,0.0024466258473694324
30,0.0023074287455528975,0.0,0.0,939,
30,0.0023214411921799183,0.0,0.0,949,
30,0.002019803039729595,0.0,0.0,959,
30,,,,960,0.0024129694793373346
31,0.0025871393736451864,0.0,0.0,969,
31,0.00217632669955492,0.0,0.0,979,
31,0.002278926083818078,0.0,0.0,989,
31,,,,991,0.002380381105467677
32,0.0022932984866201878,0.0,0.0,999,
32,0.0021938737481832504,0.0,0.0,1009,
32,0.002315084682777524,0.0,0.0,1019,
32,,,,1022,0.0023430746514350176
33,0.002340149600058794,0.0,0.0,1029,
33,0.0025709967594593763,0.0,0.0,1039,
33,0.002410639077425003,0.0,0.0,1049,
33,,,,1053,0.002303522080183029
34,0.00204037525691092,0.0,0.0,1059,
34,0.0025904295034706593,0.0,0.0,1069,
34,0.0024420786648988724,0.0,0.0,1079,
34,,,,1084,0.002268997486680746
35,0.002334367949515581,0.0,0.0,1089,
35,0.0024654280859977007,0.0,0.0,1099,
35,0.0021754854824393988,0.0,0.0,1109,
35,,,,1115,0.0022402408067137003
36,0.002374460455030203,0.0,0.0,1119,
36,0.0022567971609532833,0.0,0.0,1129,
36,0.0019308925839141011,0.0,0.0,1139,
36,,,,1146,0.0022151877637952566
37,0.0022338652051985264,0.0,0.0,1149,
37,0.0022158739157021046,0.0,0.0,1159,
37,0.0019421631004661322,0.0,0.0,1169,
37,,,,1177,0.002192093525081873
38,0.0020586245227605104,0.0,0.0,1179,
38,0.0025268064346164465,0.0,0.0,1189,
38,0.0021772305481135845,0.0,0.0,1199,
38,,,,1208,0.00216996599920094
39,0.0019923944491893053,0.0,0.0,1209,
39,0.0022211303003132343,0.0,0.0,1219,
39,0.0017199947033077478,0.0,0.0,1229,
39,0.0012263364624232054,0.0,0.0,1239,
39,,,,1239,0.0021479951683431864
40,0.0020652771927416325,0.0,0.0,1249,
40,0.002067067427560687,0.0,0.0,1259,
40,0.001781306928023696,0.0,0.0,1269,
40,,,,1270,0.0021260534413158894
41,0.0022693159990012646,0.0,0.0,1279,
41,0.0018800294492393732,0.0,0.0,1289,
41,0.0020362110808491707,0.0,0.0,1299,
41,,,,1301,0.0021043720189481974
42,0.0020325391087681055,0.0,0.0,1309,
42,0.0019915886223316193,0.0,0.0,1319,
42,0.002095995005220175,0.0,0.0,1329,
42,,,,1332,0.0020832009613513947
43,0.002139110118150711,0.0,0.0,1339,
43,0.002397900214418769,0.0,0.0,1349,
43,0.0021576976869255304,0.0,0.0,1359,
43,,,,1363,0.002062697894871235
44,0.0017967016901820898,0.0,0.0,1369,
44,0.002361565362662077,0.0,0.0,1379,
44,0.002188619924709201,0.0,0.0,1389,
44,,,,1394,0.0020429573487490416
45,0.0020802265498787165,0.0,0.0,1399,
45,0.002211540937423706,0.0,0.0,1409,
45,0.0019575320184230804,0.0,0.0,1419,
45,,,,1425,0.0020240722224116325
46,0.0021937291603535414,0.0,0.0,1429,
46,0.00205028778873384,0.0,0.0,1439,
46,0.001705758972093463,0.0,0.0,1449,
46,,,,1456,0.0020061724353581667
47,0.002030657371506095,0.0,0.0,1459,
47,0.00199880450963974,0.0,0.0,1469,
47,0.0017479388043284416,0.0,0.0,1479,
47,,,,1487,0.001989432843402028
48,0.001977285137400031,0.0,0.0,1489,
48,0.0023236090783029795,0.0,0.0,1499,
48,0.00201328843832016,0.0,0.0,1509,
48,,,,1518,0.0019740615971386433
49,0.0018195558805018663,0.0,0.0,1519,
49,0.002008414827287197,0.0,0.0,1529,
49,0.0015481231966987252,0.0,0.0,1539,
49,0.0009797175880521536,0.0,0.0,1549,
49,,,,1549,0.001960295019671321
50,0.0018150720279663801,0.0,0.0,1559,
50,0.0018589366227388382,0.0,0.0,1569,
50,0.001620353665202856,0.0,0.0,1579,
50,,,,1580,0.0019483492942526937
51,0.002068482805043459,0.0,0.0,1589,
51,0.0016794500406831503,0.0,0.0,1599,
51,0.0018662563525140285,0.0,0.0,1609,
51,,,,1611,0.00193836132530123
52,0.0018591308034956455,0.0,0.0,1619,
52,0.0018059081630781293,0.0,0.0,1629,
52,0.0019268037285655737,0.0,0.0,1639,
52,,,,1642,0.0019303025910630822
53,0.0020003661047667265,0.0,0.0,1649,
53,0.002253682119771838,0.0,0.0,1659,
53,0.001965779811143875,0.0,0.0,1669,
53,,,,1673,0.0019238233799114823
54,0.0016492739086970687,0.0,0.0,1679,
54,0.002159318421036005,0.0,0.0,1689,
54,0.001977036241441965,0.0,0.0,1699,
54,,,,1704,0.0019180214731022716
55,0.0019660498946905136,0.0,0.0,1709,
55,0.002025204710662365,0.0,0.0,1719,
55,0.0017669759690761566,0.0,0.0,1729,
55,,,,1735,0.001911145867779851
56,0.0020397191401571035,0.0,0.0,1739,
56,0.0018216244643554091,0.0,0.0,1749,
56,0.001554114161990583,0.0,0.0,1759,
56,,,,1766,0.0019004454370588064
57,0.0017676397692412138,0.0,0.0,1769,
57,0.0018250482389703393,0.0,0.0,1779,
57,0.0015608713729307055,0.0,0.0,1789,
57,,,,1797,0.0018829923355951905
58,0.0017954654758796096,0.0,0.0,1799,
58,0.002144052879884839,0.0,0.0,1809,
58,0.0019144716206938028,0.0,0.0,1819,
58,,,,1828,0.0018588000675663352
59,0.0017190633807331324,0.0,0.0,1829,
59,0.001849490450695157,0.0,0.0,1839,
59,0.0014376868493855,0.0,0.0,1849,
59,0.0006567342206835747,0.0,0.0,1859,
59,,,,1859,0.0018349343445152044
60,0.0016372025711461902,0.0,0.0,1869,
60,0.0017127325991168618,0.0,0.0,1879,
60,0.001488619134761393,0.0,0.0,1889,
60,,,,1890,0.0018219412304461002
61,0.0018523121252655983,0.0,0.0,1899,
61,0.0015202396316453815,0.0,0.0,1909,
61,0.0017244663322344422,0.0,0.0,1919,
61,,,,1921,0.001819669851101935
62,0.0017299712635576725,0.0,0.0,1929,
62,0.0016221047844737768,0.0,0.0,1939,
62,0.0017528024036437273,0.0,0.0,1949,
62,,,,1952,0.0018163988133892417
63,0.0018264735117554665,0.0,0.0,1959,
63,0.002104239072650671,0.0,0.0,1969,
63,0.0017532454803586006,0.0,0.0,1979,
63,,,,1983,0.001809153240174055
64,0.0015310462331399322,0.0,0.0,1989,
64,0.002008766168728471,0.0,0.0,1999,
64,0.0018619430484250188,0.0,0.0,2009,
64,,,,2014,0.0018051035003736615
65,0.001930028316564858,0.0,0.0,2019,
65,0.0019058628240600228,0.0,0.0,2029,
65,0.0016519727651029825,0.0,0.0,2039,
65,,,,2045,0.0018036052351817489
66,0.0020048830192536116,0.0,0.0,2049,
66,0.0017066621221601963,0.0,0.0,2059,
66,0.0014782799407839775,0.0,0.0,2069,
66,,,,2076,0.0018006208119913936
67,0.0016182269901037216,0.0,0.0,2079,
67,0.0017350261332467198,0.0,0.0,2089,
67,0.0014845917467027903,0.0,0.0,2099,
67,,,,2107,0.001798368408344686
68,0.0016487494576722383,0.0,0.0,2109,
68,0.0019845066126435995,0.0,0.0,2119,
68,0.00178016338031739,0.0,0.0,2129,
68,,,,2138,0.001798405428417027
69,0.0016904283547773957,0.0,0.0,2139,
69,0.0017715014982968569,0.0,0.0,2149,
69,0.0013411601539701223,0.0,0.0,2159,
69,0.0005334476591087878,0.0,0.0,2169,
69,,,,2169,0.0017982455901801586
70,0.0016093533486127853,0.0,0.0,2179,
70,0.0016280142590403557,0.0,0.0,2189,
70,0.0013873284915462136,0.0,0.0,2199,
70,,,,2200,0.0017968675820156932
71,0.0017719878815114498,0.0,0.0,2209,
71,0.0014611331280320883,0.0,0.0,2219,
71,0.0016640347894281149,0.0,0.0,2229,
71,,,,2231,0.001792324474081397
72,0.001676066080108285,0.0,0.0,2239,
72,0.0015128536615520716,0.0,0.0,2249,
72,0.001692608930170536,0.0,0.0,2259,
72,,,,2262,0.001779720070771873
73,0.0017334939911961555,0.0,0.0,2269,
73,0.0020455168560147285,0.0,0.0,2279,
73,0.001658041961491108,0.0,0.0,2289,
73,,,,2293,0.0017615978140383959
74,0.0015426636673510075,0.0,0.0,2299,
74,0.0019204006530344486,0.0,0.0,2309,
74,0.0018119224114343524,0.0,0.0,2319,
74,,,,2324,0.0017469784943386912
75,0.0018302964745089412,0.0,0.0,2329,
75,0.0018617197638377547,0.0,0.0,2339,
75,0.0016205228166654706,0.0,0.0,2349,
75,,,,2355,0.0017366441898047924
76,0.0019001909531652927,0.0,0.0,2359,
76,0.0016217753291130066,0.0,0.0,2369,
76,0.0014251192333176732,0.0,0.0,2379,
76,,,,2386,0.0017281952314078808
77,0.0015589363174512982,0.0,0.0,2389,
77,0.0017237779684364796,0.0,0.0,2399,
77,0.0014248851221054792,0.0,0.0,2409,
77,,,,2417,0.0017209999496117234
78,0.0014821977820247412,0.0,0.0,2419,
78,0.001924901152960956,0.0,0.0,2429,
78,0.001748876180499792,0.0,0.0,2439,
78,,,,2448,0.0017140867421403527
79,0.0016064983792603016,0.0,0.0,2449,
79,0.0016875111032277346,0.0,0.0,2459,
79,0.001291896216571331,0.0,0.0,2469,
79,0.0004787762009073049,0.0,0.0,2479,
79,,,,2479,0.001707006711512804
80,0.0015802361303940415,0.0,0.0,2489,
80,0.0015963835176080465,0.0,0.0,2499,
80,0.001314677414484322,0.0,0.0,2509,
80,,,,2510,0.0017001904780045152
81,0.0017372536240145564,0.0,0.0,2519,
81,0.0014208672801032662,0.0,0.0,2529,
81,0.0016274400986731052,0.0,0.0,2539,
81,,,,2541,0.0016935577150434256
82,0.0016208862653002143,0.0,0.0,2549,
82,0.001469429349526763,0.0,0.0,2559,
82,0.0016448890091851354,0.0,0.0,2569,
82,,,,2572,0.0016870449762791395
83,0.0016813449328765273,0.0,0.0,2579,
83,0.0019898691680282354,0.0,0.0,2589,
83,0.0015989941312000155,0.0,0.0,2599,
83,,,,2603,0.0016808524960651994
84,0.0014909192686900496,0.0,0.0,2609,
84,0.0018716149497777224,0.0,0.0,2619,
84,0.001763293519616127,0.0,0.0,2629,
84,,,,2634,0.001674883533269167
85,0.0017628449713811278,0.0,0.0,2639,
85,0.0018090609228238463,0.0,0.0,2649,
85,0.0015841727145016193,0.0,0.0,2659,
85,,,,2665,0.0016690916381776333
86,0.0018565880600363016,0.0,0.0,2669,
86,0.0015702222008258104,0.0,0.0,2679,
86,0.001378643442876637,0.0,0.0,2689,
86,,,,2696,0.0016635347856208682
87,0.001514929230324924,0.0,0.0,2699,
87,0.001687850570306182,0.0,0.0,2709,
87,0.001381515758112073,0.0,0.0,2719,
87,,,,2727,0.0016581413801759481
88,0.0014340839115902781,0.0,0.0,2729,
88,0.0018835002556443214,0.0,0.0,2739,
88,0.001707433839328587,0.0,0.0,2749,
88,,,,2758,0.0016528815031051636
89,0.0015457638073712587,0.0,0.0,2759,
89,0.0016442371997982264,0.0,0.0,2769,
89,0.0012643365189433098,0.0,0.0,2779,
89,0.0004374954733066261,0.0,0.0,2789,
89,,,,2789,0.0016477791359648108
90,0.0015422655269503593,0.0,0.0,2799,
90,0.0015574838034808636,0.0,0.0,2809,
90,0.001273004338145256,0.0,0.0,2819,
90,,,,2820,0.0016427673399448395
91,0.0017018408980220556,0.0,0.0,2829,
91,0.0013844912173226476,0.0,0.0,2839,
91,0.0015926766209304333,0.0,0.0,2849,
91,,,,2851,0.0016378310974687338
92,0.0015800085384398699,0.0,0.0,2859,
92,0.0014383007073774934,0.0,0.0,2869,
92,0.0016168737784028053,0.0,0.0,2879,
92,,,,2882,0.0016329491045325994
93,0.001647649914957583,0.0,0.0,2889,
93,0.0019507438410073519,0.0,0.0,2899,
93,0.0015548281371593475,0.0,0.0,2909,
93,,,,2913,0.0016280879499390721
94,0.0014612744562327862,0.0,0.0,2919,
94,0.001835644361563027,0.0,0.0,2929,
94,0.001725825248286128,0.0,0.0,2939,
94,,,,2944,0.001623231335543096
95,0.001707057119347155,0.0,0.0,2949,
95,0.001767737790942192,0.0,0.0,2959,
95,0.0015536613063886762,0.0,0.0,2969,
95,,,,2975,0.0016184014966711402
96,0.0018241864163428545,0.0,0.0,2979,
96,0.0015299689257517457,0.0,0.0,2989,
96,0.0013421872863546014,0.0,0.0,2999,
96,,,,3006,0.0016136763151735067
97,0.001481359824538231,0.0,0.0,3009,
97,0.0016580227529630065,0.0,0.0,3019,
97,0.001348312245681882,0.0,0.0,3029,
97,,,,3037,0.001609145081602037
98,0.0013979796785861254,0.0,0.0,3039,
98,0.0018542134203016758,0.0,0.0,3049,
98,0.0016732539515942335,0.0,0.0,3059,
98,,,,3068,0.0016048704273998737
99,0.0014970973134040833,0.0,0.0,3069,
99,0.0016111682634800673,0.0,0.0,3079,
99,0.0012410292401909828,0.0,0.0,3089,
99,0.00039914227090775967,0.0,0.0,3099,
99,,,,3099,0.0016008828533813357
100,0.0015070087974891067,0.0,0.0,3109,
100,0.001521188416518271,0.0,0.0,3119,
100,0.0012430569622665644,0.0,0.0,3129,
100,,,,3130,0.001597137306816876
101,0.0016697004903107882,0.0,0.0,3139,
101,0.0013528449926525354,0.0,0.0,3149,
101,0.0015615873271599412,0.0,0.0,3159,
101,,,,3161,0.0015935885021463037
102,0.0015470752259716392,0.0,0.0,3169,
102,0.0014195973053574562,0.0,0.0,3179,
102,0.0015961277531459928,0.0,0.0,3189,
102,,,,3192,0.0015901810256764293
103,0.0016340120928362012,0.0,0.0,3199,
103,0.0019182187970727682,0.0,0.0,3209,
103,0.0015182011993601918,0.0,0.0,3219,
103,,,,3223,0.001586823957040906
104,0.0014238370349630713,0.0,0.0,3229,
104,0.0018079376313835382,0.0,0.0,3239,
104,0.0016917011234909296,0.0,0.0,3249,
104,,,,3254,0.0015834510559216142
105,0.0016661214176565409,0.0,0.0,3259,
105,0.001727832481265068,0.0,0.0,3269,
105,0.001520886435173452,0.0,0.0,3279,
105,,,,3285,0.001579990959726274
106,0.0017971331253647804,0.0,0.0,3289,
106,0.0015033711679279804,0.0,0.0,3299,
106,0.0013107190607115626,0.0,0.0,3309,
106,,,,3316,0.0015763993142172694
107,0.001459444989450276,0.0,0.0,3319,
107,0.00162392552010715,0.0,0.0,3329,
107,0.0013224221765995026,0.0,0.0,3339,
107,,,,3347,0.0015726439887657762
108,0.0014044094132259488,0.0,0.0,3349,
108,0.0018335123313590884,0.0,0.0,3359,
108,0.0016441389452666044,0.0,0.0,3369,
108,,,,3378,0.0015687294071540236
109,0.0014638184802606702,0.0,0.0,3379,
109,0.001600850373506546,0.0,0.0,3389,
109,0.001218054792843759,0.0,0.0,3399,
109,0.0003675432235468179,0.0,0.0,3409,
109,,,,3409,0.0015647069085389376
110,0.0014557760441675782,0.0,0.0,3419,
110,0.0014909610617905855,0.0,0.0,3429,
110,0.0012207222171127796,0.0,0.0,3439,
110,,,,3440,0.0015606344677507877
111,0.0016356123378500342,0.0,0.0,3449,
111,0.0013264355948194861,0.0,0.0,3459,
111,0.001536036841571331,0.0,0.0,3469,
111,,,,3471,0.0015565954381600022
112,0.0015164571814239025,0.0,0.0,3479,
112,0.0014217058196663857,0.0,0.0,3489,
112,0.0015754970954731107,0.0,0.0,3499,
112,,,,3502,0.0015526406932622194
113,0.001643860014155507,0.0,0.0,3509,
113,0.0018836798844859004,0.0,0.0,3519,
113,0.0014909063465893269,0.0,0.0,3529,
113,,,,3533,0.0015488013159483671
114,0.001374711631797254,0.0,0.0,3539,
114,0.0017941058613359928,0.0,0.0,3549,
114,0.001662424998357892,0.0,0.0,3559,
114,,,,3564,0.0015450894134119153
115,0.0016354506369680166,0.0,0.0,3569,
115,0.0016883180942386389,0.0,0.0,3579,
115,0.001490689697675407,0.0,0.0,3589,
115,,,,3595,0.001541486126370728
116,0.0017924817511811852,0.0,0.0,3599,
116,0.0014830129221081734,0.0,0.0,3609,
116,0.0012899225112050772,0.0,0.0,3619,
116,,,,3626,0.0015379837714135647
117,0.0014375103637576103,0.0,0.0,3629,
117,0.001600989024154842,0.0,0.0,3639,
117,0.0012966659851372242,0.0,0.0,3649,
117,,,,3657,0.0015345696592703462
118,0.0014236869756132364,0.0,0.0,3659,
118,0.0018125682836398482,0.0,0.0,3669,
118,0.0016242209821939468,0.0,0.0,3679,
118,,,,3688,0.0015312375035136938
119,0.001422724686563015,0.0,0.0,3689,
119,0.001597668626345694,0.0,0.0,3699,
119,0.0011917587835341692,0.0,0.0,3709,
119,0.0003486868808977306,0.0,0.0,3719,
119,,,,3719,0.001527972286567092
120,0.001419663429260254,0.0,0.0,3729,
120,0.0014733634889125824,0.0,0.0,3739,
120,0.001198587822727859,0.0,0.0,3749,
120,,,,3750,0.0015247731935232878
121,0.0016169468872249126,0.0,0.0,3759,
121,0.001304068835452199,0.0,0.0,3769,
121,0.0015127280494198203,0.0,0.0,3779,
121,,,,3781,0.0015216247411444783
122,0.0014987388858571649,0.0,0.0,3789,
122,0.001414627069607377,0.0,0.0,3799,
122,0.0015585452783852816,0.0,0.0,3809,
122,,,,3812,0.001518507138825953
123,0.0016435756115242839,0.0,0.0,3819,
123,0.0018602272029966116,0.0,0.0,3829,
123,0.0014690422685816884,0.0,0.0,3839,
123,,,,3843,0.001515411539003253
124,0.001351902144961059,0.0,0.0,3849,
124,0.0017724049976095557,0.0,0.0,3859,
124,0.0016403401969000697,0.0,0.0,3869,
124,,,,3874,0.0015123158227652311
125,0.0016073849983513355,0.0,0.0,3879,
125,0.0016600912204012275,0.0,0.0,3889,
125,0.001466464949771762,0.0,0.0,3899,
125,,,,3905,0.0015092171961441636
126,0.0017882016254588962,0.0,0.0,3909,
126,0.0014597676927223802,0.0,0.0,3919,
126,0.0012679813662543893,0.0,0.0,3929,
126,,,,3936,0.00150609714910388
127,0.0014177827397361398,0.0,0.0,3939,
127,0.0015846937894821167,0.0,0.0,3949,
127,0.001278013689443469,0.0,0.0,3959,
127,,,,3967,0.0015029532369226217
128,0.0014144573360681534,0.0,0.0,3969,
128,0.00179580959957093,0.0,0.0,3979,
128,0.0016010779654607177,0.0,0.0,3989,
128,,,,3998,0.00149978743866086
129,0.0013863991480320692,0.0,0.0,3999,
129,0.0015819218242540956,0.0,0.0,4009,
129,0.0011704608332365751,0.0,0.0,4019,
129,0.00033182508195750415,0.0,0.0,4029,
129,,,,4029,0.0014965962618589401
130,0.001402930705808103,0.0,0.0,4039,
130,0.001456005615182221,0.0,0.0,4049,
130,0.001178485807031393,0.0,0.0,4059,
130,,,,4060,0.0014933820348232985
131,0.001601704629138112,0.0,0.0,4069,
131,0.0012819559779018164,0.0,0.0,4079,
131,0.0014902635011821985,0.0,0.0,4089,
131,,,,4091,0.0014901513932272792
132,0.0014838028000667691,0.0,0.0,4099,
132,0.0014028565492480993,0.0,0.0,4109,
132,0.001542834099382162,0.0,0.0,4119,
132,,,,4122,0.0014869067817926407
133,0.0016388061922043562,0.0,0.0,4129,
133,0.0018407527823001146,0.0,0.0,4139,
133,0.0014493430498987436,0.0,0.0,4149,
133,,,,4153,0.0014836532063782215
134,0.001335400389507413,0.0,0.0,4159,
134,0.0017499929526820779,0.0,0.0,4169,
134,0.0016183180268853903,0.0,0.0,4179,
134,,,,4184,0.0014803889207541943
135,0.0015789632452651858,0.0,0.0,4189,
135,0.0016336331609636545,0.0,0.0,4199,
135,0.0014419215731322765,0.0,0.0,4209,
135,,,,4215,0.0014771216083317995
136,0.0017824973911046982,0.0,0.0,4219,
136,0.001436323975212872,0.0,0.0,4229,
136,0.001246298081241548,0.0,0.0,4239,
136,,,,4246,0.0014738504542037845
137,0.0013979899231344461,0.0,0.0,4249,
137,0.0015701822703704238,0.0,0.0,4259,
137,0.001259627635590732,0.0,0.0,4269,
137,,,,4277,0.0014705756912007928
138,0.0014018028741702437,0.0,0.0,4279,
138,0.0017792070284485817,0.0,0.0,4289,
138,0.0015780999092385173,0.0,0.0,4299,
138,,,,4308,0.0014672873076051474
139,0.001341795432381332,0.0,0.0,4309,
139,0.0015688837738707662,0.0,0.0,4319,
139,0.0011495512444525957,0.0,0.0,4329,
139,0.00031440757447853684,0.0,0.0,4339,
139,,,,4339,0.0014639884466305375
140,0.0013813290279358625,0.0,0.0,4349,
140,0.001439225161448121,0.0,0.0,4359,
140,0.0011577935656532645,0.0,0.0,4369,
140,,,,4370,0.0014606721233576536
141,0.0015870406059548259,0.0,0.0,4379,
141,0.0012637412874028087,0.0,0.0,4389,
141,0.001469932496547699,0.0,0.0,4399,
141,,,,4401,0.0014573348453268409
142,0.0014678080333396792,0.0,0.0,4409,
142,0.0013932795263826847,0.0,0.0,4419,
142,0.001526748645119369,0.0,0.0,4429,
142,,,,4432,0.0014539663679897785
143,0.0016276055248454213,0.0,0.0,4439,
143,0.001822218531742692,0.0,0.0,4449,
143,0.0014346260577440262,0.0,0.0,4459,
143,,,,4463,0.0014505520230159163
144,0.0013166298158466816,0.0,0.0,4469,
144,0.0017287611262872815,0.0,0.0,4479,
144,0.001597159425728023,0.0,0.0,4489,
144,,,,4494,0.0014470809837803245
145,0.0015496708219870925,0.0,0.0,4499,
145,0.0016092137666419148,0.0,0.0,4509,
145,0.0014195372350513935,0.0,0.0,4519,
145,,,,4525,0.001443530898541212
146,0.001779712038114667,0.0,0.0,4529,
146,0.001411257078871131,0.0,0.0,4539,
146,0.0012286142446100712,0.0,0.0,4549,
146,,,,4556,0.0014398859348148108
147,0.0013743569143116474,0.0,0.0,4559,
147,0.0015588420210406184,0.0,0.0,4569,
147,0.0012369697215035558,0.0,0.0,4579,
147,,,,4587,0.001436121528968215
148,0.0013893905561417341,0.0,0.0,4589,
148,0.0017607092158868909,0.0,0.0,4599,
148,0.0015530366217717528,0.0,0.0,4609,
148,,,,4618,0.0014322093920782208
149,0.0012866695178672671,0.0,0.0,4619,
149,0.0015637996839359403,0.0,0.0,4629,
149,0.0011304090730845928,0.0,0.0,4639,
149,0.0002977910335175693,0.0,0.0,4649,
149,,,,4649,0.0014281251933425665
150,0.0013479550834745169,0.0,0.0,4659,
150,0.00142106122802943,0.0,0.0,4669,
150,0.0011344482190907001,0.0,0.0,4679,
150,,,,4680,0.001423874986357987
151,0.0015723946271464229,0.0,0.0,4689,
151,0.0012613523285835981,0.0,0.0,4699,
151,0.0014508001040667295,0.0,0.0,4709,
151,,,,4711,0.0014195296680554748
152,0.00144928356166929,0.0,0.0,4719,
152,0.0013742768205702305,0.0,0.0,4729,
152,0.0015126758953556418,0.0,0.0,4739,
152,,,,4742,0.0014153007650747895
153,0.0015842027496546507,0.0,0.0,4749,
153,0.0018087034113705158,0.0,0.0,4759,
153,0.0014374549500644207,0.0,0.0,4769,
153,,,,4773,0.0014115584781393409
154,0.001302142278291285,0.0,0.0,4779,
154,0.0016939766937866807,0.0,0.0,4789,
154,0.0015750759048387408,0.0,0.0,4799,
154,,,,4804,0.0014085358707234263
155,0.001494685304351151,0.0,0.0,4809,
155,0.001592711778357625,0.0,0.0,4819,
155,0.001434887875802815,0.0,0.0,4829,
155,,,,4835,0.0014059606473892927
156,0.0017433135071769357,0.0,0.0,4839,
156,0.0013735189568251371,0.0,0.0,4849,
156,0.0011876330245286226,0.0,0.0,4859,
156,,,,4866,0.0014035161584615707
157,0.0013568311696872115,0.0,0.0,4869,
157,0.0015511385863646865,0.0,0.0,4879,
157,0.0012108469381928444,0.0,0.0,4889,
157,,,,4897,0.0014009875012561679
158,0.0013041761703789234,0.0,0.0,4899,
158,0.0017614339012652636,0.0,0.0,4909,
158,0.001520283636637032,0.0,0.0,4919,
158,,,,4928,0.0013975020265206695
159,0.0012203354854136705,0.0,0.0,4929,
159,0.0015275623882189393,0.0,0.0,4939,
159,0.0011264010099694133,0.0,0.0,4949,
159,0.0002843072870746255,0.0,0.0,4959,
159,,,,4959,0.0013930718414485455
160,0.0013125085970386863,0.0,0.0,4969,
160,0.0013986631529405713,0.0,0.0,4979,
160,0.0011188959470018744,0.0,0.0,4989,
160,,,,4990,0.0014146827161312103
161,0.0015599532052874565,0.0,0.0,4999,
161,0.0012138353195041418,0.0,0.0,5009,
161,0.0014260803582146764,0.0,0.0,5019,
161,,,,5021,0.00145531736779958
162,0.0015763372648507357,0.0,0.0,5029,
162,0.0013275179080665112,0.0,0.0,5039,
162,0.0015110489912331104,0.0,0.0,5049,
162,,,,5052,0.0013664986472576857
163,0.0014811615692451596,0.0,0.0,5059,
163,0.0018074257532134652,0.0,0.0,5069,
163,0.0014139657141640782,0.0,0.0,5079,
163,,,,5083,0.0013905803207308054
164,0.0013022851198911667,0.0,0.0,5089,
164,0.0016852931585162878,0.0,0.0,5099,
164,0.001586728380061686,0.0,0.0,5109,
164,,,,5114,0.0013903445797041059
165,0.001478311838582158,0.0,0.0,5119,
165,0.0015657554613426328,0.0,0.0,5129,
165,0.0013520444044843316,0.0,0.0,5139,
165,,,,5145,0.0013968468410894275
166,0.001827819156460464,0.0,0.0,5149,
166,0.0014013673644512892,0.0,0.0,5159,
166,0.0011808499693870544,0.0,0.0,5169,
166,,,,5176,0.0013911775313317776
167,0.0013384859776124358,0.0,0.0,5179,
167,0.001519621815532446,0.0,0.0,5189,
167,0.0012166849337518215,0.0,0.0,5199,
167,,,,5207,0.0013792025856673717
168,0.0013843049528077245,0.0,0.0,5209,
168,0.001788893947377801,0.0,0.0,5219,
168,0.0014904120471328497,0.0,0.0,5229,
168,,,,5238,0.001380962785333395
169,0.0011783572845160961,0.0,0.0,5239,
169,0.0015085445484146476,0.0,0.0,5249,
169,0.0011096382513642311,0.0,0.0,5259,
169,0.0002878261439036578,0.0,0.0,5269,
169,,,,5269,0.0013826658250764012
170,0.0013075770111754537,0.0,0.0,5279,
170,0.001397097366861999,0.0,0.0,5289,
170,0.0011164939496666193,0.0,0.0,5299,
170,,,,5300,0.0013828228693455458
171,0.0015402205754071474,0.0,0.0,5309,
171,0.001195417600683868,0.0,0.0,5319,
171,0.0014066724106669426,0.0,0.0,5329,
171,,,,5331,0.0013793056132271886
172,0.0015069068176671863,0.0,0.0,5339,
172,0.0013063963269814849,0.0,0.0,5349,
172,0.0014842794043943286,0.0,0.0,5359,
172,,,,5362,0.0013757083797827363
173,0.0014770544366911054,0.0,0.0,5369,
173,0.0018056923290714622,0.0,0.0,5379,
173,0.0014026561984792352,0.0,0.0,5389,
173,,,,5393,0.0013744657626375556
174,0.0012831491185352206,0.0,0.0,5399,
174,0.0016666990704834461,0.0,0.0,5409,
174,0.001562965684570372,0.0,0.0,5419,
174,,,,5424,0.0013740030117332935
175,0.0014660689048469067,0.0,0.0,5429,
175,0.0015570531832054257,0.0,0.0,5439,
175,0.0013290621573105454,0.0,0.0,5449,
175,,,,5455,0.0013730531791225076
176,0.001805014442652464,0.0,0.0,5459,
176,0.0013853893615305424,0.0,0.0,5469,
176,0.0011626664781942964,0.0,0.0,5479,
176,,,,5486,0.0013712022919207811
177,0.0013173379702493548,0.0,0.0,5489,
177,0.0015031143557280302,0.0,0.0,5499,
177,0.001201387494802475,0.0,0.0,5509,
177,,,,5517,0.0013690650230273604
178,0.0013726018369197845,0.0,0.0,5519,
178,0.001784524880349636,0.0,0.0,5529,
178,0.001462444313801825,0.0,0.0,5539,
178,,,,5548,0.0013672547647729516
179,0.0011602722806856036,0.0,0.0,5549,
179,0.0014973622746765614,0.0,0.0,5559,
179,0.001099288696423173,0.0,0.0,5569,
179,0.0002729659900069237,0.0,0.0,5579,
179,,,,5579,0.0013657599920406938
180,0.0012990302639082074,0.0,0.0,5589,
180,0.0013768515782430768,0.0,0.0,5599,
180,0.0011032134061679244,0.0,0.0,5609,
180,,,,5610,0.001364304800517857
181,0.0015287096612155437,0.0,0.0,5619,
181,0.0011850835289806128,0.0,0.0,5629,
181,0.001393091049976647,0.0,0.0,5639,
181,,,,5641,0.0013627068838104606
182,0.0014868739526718855,0.0,0.0,5649,
182,0.0012973843840882182,0.0,0.0,5659,
182,0.0014652919489890337,0.0,0.0,5669,
182,,,,5672,0.0013609749730676413
183,0.0014683268964290619,0.0,0.0,5679,
183,0.001793638220988214,0.0,0.0,5689,
183,0.0013936683535575867,0.0,0.0,5699,
183,,,,5703,0.0013592004543170333
184,0.001265818951651454,0.0,0.0,5709,
184,0.0016545101534575224,0.0,0.0,5719,
184,0.0015481153968721628,0.0,0.0,5729,
184,,,,5734,0.0013574744807556272
185,0.0014453282346948981,0.0,0.0,5739,
185,0.0015433934750035405,0.0,0.0,5749,
185,0.0013157568173483014,0.0,0.0,5759,
185,,,,5765,0.0013558237114921212
186,0.00178501196205616,0.0,0.0,5769,
186,0.001370221609249711,0.0,0.0,5779,
186,0.0011446624994277954,0.0,0.0,5789,
186,,,,5796,0.0013542319647967815
187,0.0012972354888916016,0.0,0.0,5799,
187,0.0014865669654682279,0.0,0.0,5809,
187,0.0011825314722955227,0.0,0.0,5819,
187,,,,5827,0.001352700055576861
188,0.0013559561921283603,0.0,0.0,5829,
188,0.0017760427435860038,0.0,0.0,5839,
188,0.0014413002645596862,0.0,0.0,5849,
188,,,,5858,0.0013512439327314496
189,0.001152005628682673,0.0,0.0,5859,
189,0.0014909718884155154,0.0,0.0,5869,
189,0.0010833835694938898,0.0,0.0,5879,
189,0.00025121605722233653,0.0,0.0,5889,
189,,,,5889,0.001349896308965981
190,0.0012939386069774628,0.0,0.0,5899,
190,0.001355789485387504,0.0,0.0,5909,
190,0.0010918357875198126,0.0,0.0,5919,
190,,,,5920,0.0013487047981470823
191,0.001518817851319909,0.0,0.0,5929,
191,0.0011784839443862438,0.0,0.0,5939,
191,0.0013812077231705189,0.0,0.0,5949,
191,,,,5951,0.0013477241154760122
192,0.0014568585902452469,0.0,0.0,5959,
192,0.0012881184229627252,0.0,0.0,5969,
192,0.001455903984606266,0.0,0.0,5979,
192,,,,5982,0.0013470285339280963
193,0.0014753106515854597,0.0,0.0,5989,
193,0.0017625662731006742,0.0,0.0,5999,
193,0.0013874470023438334,0.0,0.0,6009,
193,,,,6013,0.0013467244571074843
194,0.0012433656957000494,0.0,0.0,6019,
194,0.001639565802179277,0.0,0.0,6029,
194,0.001545374863781035,0.0,0.0,6039,
194,,,,6044,0.001347009907476604
195,0.0014231821987777948,0.0,0.0,6049,
195,0.0015238733030855656,0.0,0.0,6059,
195,0.0013223339337855577,0.0,0.0,6069,
195,,,,6075,0.0013483220245689154
196,0.0017437987262383103,0.0,0.0,6079,
196,0.001334891188889742,0.0,0.0,6089,
196,0.0011264950735494494,0.0,0.0,6099,
196,,,,6106,0.0013518150663003325
197,0.0012941504828631878,0.0,0.0,6109,
197,0.0014779182383790612,0.0,0.0,6119,
197,0.0011499449610710144,0.0,0.0,6129,
197,,,,6137,0.001361569738946855
198,0.0012920084409415722,0.0,0.0,6139,
198,0.0017288608942180872,0.0,0.0,6149,
198,0.0014334704028442502,0.0,0.0,6159,
198,,,,6168,0.0013962727971374989
199,0.0012275633634999394,0.0,0.0,6169,
199,0.0015563368797302246,0.0,0.0,6179,
199,0.0011039349483326077,0.0,0.0,6189,
199,0.0002771351719275117,0.0,0.0,6199,
199,,,,6199,0.0014368339907377958
200,0.0013960485812276602,0.0,0.0,6209,
200,0.0013912164140492678,0.0,0.0,6219,
200,0.0010742185404524207,0.0,0.0,6229,
200,,,,6230,0.0013335886178538203
201,0.0015313841868191957,0.0,0.0,6239,
201,0.0012183210346847773,0.0,0.0,6249,
201,0.0013874765718355775,0.0,0.0,6259,
201,,,,6261,0.001322608208283782
202,0.001340480986982584,0.0,0.0,6269,
202,0.0013328760396689177,0.0,0.0,6279,
202,0.0014392624143511057,0.0,0.0,6289,
202,,,,6292,0.0013877168530598283
203,0.0015578909078612924,0.0,0.0,6299,
203,0.0017314815195277333,0.0,0.0,6309,
203,0.0013928156113252044,0.0,0.0,6319,
203,,,,6323,0.0013182430993765593
204,0.001209273119457066,0.0,0.0,6329,
204,0.0016047954559326172,0.0,0.0,6339,
204,0.0015063737519085407,0.0,0.0,6349,
204,,,,6354,0.0013375505805015564
205,0.0014047774020582438,0.0,0.0,6359,
205,0.001539910095743835,0.0,0.0,6369,
205,0.001394330058246851,0.0,0.0,6379,
205,,,,6385,0.0013567123096436262
206,0.001667747157625854,0.0,0.0,6389,
206,0.0013216959778219461,0.0,0.0,6399,
206,0.0011401076335459948,0.0,0.0,6409,
206,,,,6416,0.0013107659760862589
207,0.0013083710800856352,0.0,0.0,6419,
207,0.0014669164083898067,0.0,0.0,6429,
207,0.0011364545207470655,0.0,0.0,6439,
207,,,,6447,0.0013326389016583562
208,0.0012056718114763498,0.0,0.0,6449,
208,0.0017162287840619683,0.0,0.0,6459,
208,0.0014179779682308435,0.0,0.0,6469,
208,,,,6478,0.0013388436054810882
209,0.0011443971889093518,0.0,0.0,6479,
209,0.0015009898925200105,0.0,0.0,6489,
209,0.0010852349223569036,0.0,0.0,6499,
209,0.0002325401728739962,0.0,0.0,6509,
209,,,,6509,0.001307602389715612
210,0.0012770056491717696,0.0,0.0,6519,
210,0.0013047719839960337,0.0,0.0,6529,
210,0.001052766921930015,0.0,0.0,6539,
210,,,,6540,0.0013231728225946426
211,0.0015259881038218737,0.0,0.0,6549,
211,0.00123263627756387,0.0,0.0,6559,
211,0.0013997951755300164,0.0,0.0,6569,
211,,,,6571,0.0013226750306785107
212,0.0013255764497444034,0.0,0.0,6579,
212,0.0013441790360957384,0.0,0.0,6589,
212,0.0014213292161002755,0.0,0.0,6599,
212,,,,6602,0.0013038337929174304
213,0.0014836458722129464,0.0,0.0,6609,
213,0.0017183879390358925,0.0,0.0,6619,
213,0.001416463521309197,0.0,0.0,6629,
213,,,,6633,0.0013122945092618465
214,0.0012053513200953603,0.0,0.0,6639,
214,0.0016244270373135805,0.0,0.0,6649,
214,0.0014880190137773752,0.0,0.0,6659,
214,,,,6664,0.0013082436053082347
215,0.0013733227970078588,0.0,0.0,6669,
215,0.001529805944301188,0.0,0.0,6679,
215,0.0013862656196579337,0.0,0.0,6689,
215,,,,6695,0.001297546667046845
216,0.0016392995603382587,0.0,0.0,6699,
216,0.0012806744780391455,0.0,0.0,6709,
216,0.0011063104029744864,0.0,0.0,6719,
216,,,,6726,0.0013007944216951728
217,0.0013250475749373436,0.0,0.0,6729,
217,0.0014704344794154167,0.0,0.0,6739,
217,0.0011320119956508279,0.0,0.0,6749,
217,,,,6757,0.0012955181300640106
218,0.0011912185000255704,0.0,0.0,6759,
218,0.0017098677344620228,0.0,0.0,6769,
218,0.0014090040931478143,0.0,0.0,6779,
218,,,,6788,0.0012892353115603328
219,0.0010774909751489758,0.0,0.0,6789,
219,0.0014740587212145329,0.0,0.0,6799,
219,0.0010750507935881615,0.0,0.0,6809,
219,0.00021689001005142927,0.0,0.0,6819,
219,,,,6819,0.001289473962970078
220,0.0012736121425405145,0.0,0.0,6829,
220,0.0012865185271948576,0.0,0.0,6839,
220,0.001047306228429079,0.0,0.0,6849,
220,,,,6850,0.0012843466829508543
221,0.0015092905377969146,0.0,0.0,6859,
221,0.0012125067878514528,0.0,0.0,6869,
221,0.0013953918823972344,0.0,0.0,6879,
221,,,,6881,0.001280332333408296
222,0.0013097460614517331,0.0,0.0,6889,
222,0.001330848317593336,0.0,0.0,6899,
222,0.0014030712191015482,0.0,0.0,6909,
222,,,,6912,0.0012790915789082646
223,0.0014750499976798892,0.0,0.0,6919,
223,0.0017059559468179941,0.0,0.0,6929,
223,0.0014088727766647935,0.0,0.0,6939,
223,,,,6943,0.0012746790889650583
224,0.001184872118756175,0.0,0.0,6949,
224,0.001603342010639608,0.0,0.0,6959,
224,0.0014648110372945666,0.0,0.0,6969,
224,,,,6974,0.0012718348298221827
225,0.001331079751253128,0.0,0.0,6979,
225,0.0015165380900725722,0.0,0.0,6989,
225,0.0013610576279461384,0.0,0.0,6999,
225,,,,7005,0.0012699911603704095
226,0.0016262123826891184,0.0,0.0,7009,
226,0.0012672357261180878,0.0,0.0,7019,
226,0.0010989346774294972,0.0,0.0,7029,
226,,,,7036,0.0012663868255913258
227,0.0013037372846156359,0.0,0.0,7039,
227,0.001452930737286806,0.0,0.0,7049,
227,0.0011149976635351777,0.0,0.0,7059,
227,,,,7067,0.0012641572393476963
228,0.0011847580317407846,0.0,0.0,7069,
228,0.001695893588475883,0.0,0.0,7079,
228,0.0013933823211118579,0.0,0.0,7089,
228,,,,7098,0.001262167701497674
229,0.0010370186064392328,0.0,0.0,7099,
229,0.0014577924739569426,0.0,0.0,7109,
229,0.0010627793380990624,0.0,0.0,7119,
229,0.00019990843429695815,0.0,0.0,7129,
229,,,,7129,0.0012592585990205407
230,0.0012494613183662295,0.0,0.0,7139,
230,0.0012689937138929963,0.0,0.0,7149,
230,0.0010448249522596598,0.0,0.0,7159,
230,,,,7160,0.0012573711574077606
231,0.0014984006993472576,0.0,0.0,7169,
231,0.0012001644354313612,0.0,0.0,7179,
231,0.0013888851972296834,0.0,0.0,7189,
231,,,,7191,0.0012554455315694213
232,0.0013020405313000083,0.0,0.0,7199,
232,0.0013221834087744355,0.0,0.0,7209,
232,0.001386357587762177,0.0,0.0,7219,
232,,,,7222,0.0012530710082501173
233,0.0014491669135168195,0.0,0.0,7229,
233,0.0016945418901741505,0.0,0.0,7239,
233,0.0013908323599025607,0.0,0.0,7249,
233,,,,7253,0.0012513913679867983
234,0.0011672858381643891,0.0,0.0,7259,
234,0.0015856822719797492,0.0,0.0,7269,
234,0.0014499902026727796,0.0,0.0,7279,
234,,,,7284,0.0012496114941313863
235,0.0013063781661912799,0.0,0.0,7289,
235,0.00150219164788723,0.0,0.0,7299,
235,0.0013384437188506126,0.0,0.0,7309,
235,,,,7315,0.0012476270785555243
236,0.001614652923308313,0.0,0.0,7319,
236,0.0012541686883196235,0.0,0.0,7329,
236,0.0010908455587923527,0.0,0.0,7339,
236,,,,7346,0.001246085506863892
237,0.0012917948188260198,0.0,0.0,7349,
237,0.0014392255106940866,0.0,0.0,7359,
237,0.0011025327257812023,0.0,0.0,7369,
237,,,,7377,0.001244467799551785
238,0.0011801494983956218,0.0,0.0,7379,
238,0.0016807571519166231,0.0,0.0,7389,
238,0.0013774512335658073,0.0,0.0,7399,
238,,,,7408,0.0012427582405507565
239,0.001008390448987484,0.0,0.0,7409,
239,0.0014395293546840549,0.0,0.0,7419,
239,0.0010495949536561966,0.0,0.0,7429,
239,0.0001895416498882696,0.0,0.0,7439,
239,,,,7439,0.0012413245858624578
240,0.0012324140407145023,0.0,0.0,7449,
240,0.0012561610201373696,0.0,0.0,7459,
240,0.0010417542653158307,0.0,0.0,7469,
240,,,,7470,0.0012398523977026343
241,0.0014875035267323256,0.0,0.0,7479,
241,0.001190517214126885,0.0,0.0,7489,
241,0.0013801539316773415,0.0,0.0,7499,
241,,,,7501,0.001238333061337471
242,0.0012948914663866162,0.0,0.0,7509,
242,0.0013113095192238688,0.0,0.0,7519,
242,0.0013711509527638555,0.0,0.0,7529,
242,,,,7532,0.0012369860196486115
243,0.0014300503535196185,0.0,0.0,7539,
243,0.0016836677677929401,0.0,0.0,7549,
243,0.0013741240836679935,0.0,0.0,7559,
243,,,,7563,0.0012356298975646496
244,0.0011539001716300845,0.0,0.0,7569,
244,0.0015689057763665915,0.0,0.0,7579,
244,0.0014402791857719421,0.0,0.0,7589,
244,,,,7594,0.0012342424597591162
245,0.0012898333370685577,0.0,0.0,7599,
245,0.0014892490580677986,0.0,0.0,7609,
245,0.0013195921201258898,0.0,0.0,7619,
245,,,,7625,0.001232959795743227
246,0.0016054398147389293,0.0,0.0,7629,
246,0.001243061968125403,0.0,0.0,7639,
246,0.001083661220036447,0.0,0.0,7649,
246,,,,7656,0.0012316867941990495
247,0.0012835843954235315,0.0,0.0,7659,
247,0.0014267291408032179,0.0,0.0,7669,
247,0.0010898392647504807,0.0,0.0,7679,
247,,,,7687,0.0012303858529776335
248,0.001173757598735392,0.0,0.0,7689,
248,0.0016679218970239162,0.0,0.0,7699,
248,0.001362814917229116,0.0,0.0,7709,
248,,,,7718,0.0012291442835703492
249,0.000989732681773603,0.0,0.0,7719,
249,0.0014217589050531387,0.0,0.0,7729,
249,0.001037405338138342,0.0,0.0,7739,
249,0.0001841837802203372,0.0,0.0,7749,
249,,,,7749,0.0012279186630621552
250,0.0012182343052700162,0.0,0.0,7759,
250,0.0012456458061933517,0.0,0.0,7769,
250,0.0010384063934907317,0.0,0.0,7779,
250,,,,7780,0.0012266641715541482
251,0.0014776267344132066,0.0,0.0,7789,
251,0.001182624138891697,0.0,0.0,7799,
251,0.0013713574735447764,0.0,0.0,7809,
251,,,,7811,0.0012254368048161268
252,0.0012886084150522947,0.0,0.0,7819,
252,0.0013024413492530584,0.0,0.0,7829,
252,0.0013570671435445547,0.0,0.0,7839,
252,,,,7842,0.0012242202647030354
253,0.001413011341355741,0.0,0.0,7849,
253,0.0016709804767742753,0.0,0.0,7859,
253,0.001356641878373921,0.0,0.0,7869,
253,,,,7873,0.001222972641699016
254,0.0011428234865888953,0.0,0.0,7879,
254,0.0015519127482548356,0.0,0.0,7889,
254,0.001431598444469273,0.0,0.0,7899,
254,,,,7904,0.001221724203787744
255,0.0012781001860275865,0.0,0.0,7909,
255,0.0014772455906495452,0.0,0.0,7919,
255,0.001301145413890481,0.0,0.0,7929,
255,,,,7935,0.0012204735539853573
256,0.0015955562703311443,0.0,0.0,7939,
256,0.0012310538440942764,0.0,0.0,7949,
256,0.0010740484576672316,0.0,0.0,7959,
256,,,,7966,0.0012191853020340204
257,0.0012771439505741,0.0,0.0,7969,
257,0.0014154231175780296,0.0,0.0,7979,
257,0.0010755842085927725,0.0,0.0,7989,
257,,,,7997,0.0012178673641756177
258,0.001164824003353715,0.0,0.0,7999,
258,0.0016567345010116696,0.0,0.0,8009,
258,0.0013507140101864934,0.0,0.0,8019,
258,,,,8028,0.001216527190990746
259,0.0009749204036779702,0.0,0.0,8029,
259,0.001399344764649868,0.0,0.0,8039,
259,0.0010239977855235338,0.0,0.0,8049,
259,0.0001847348758019507,0.0,0.0,8059,
259,,,,8059,0.001215133466757834
260,0.0012042380403727293,0.0,0.0,8069,
260,0.001235717092640698,0.0,0.0,8079,
260,0.0010347592178732157,0.0,0.0,8089,
260,,,,8090,0.0012136780424043536
261,0.0014673102414235473,0.0,0.0,8099,
261,0.001174662378616631,0.0,0.0,8109,
261,0.0013615174684673548,0.0,0.0,8119,
261,,,,8121,0.0012121686013415456
262,0.0012832889333367348,0.0,0.0,8129,
262,0.0012951088137924671,0.0,0.0,8139,
262,0.0013416620204225183,0.0,0.0,8149,
262,,,,8152,0.0012105724308639765
263,0.0013970803702250123,0.0,0.0,8159,
263,0.0016576603520661592,0.0,0.0,8169,
263,0.0013354381080716848,0.0,0.0,8179,
263,,,,8183,0.0012088733492419124
264,0.0011335231829434633,0.0,0.0,8189,
264,0.0015317255165427923,0.0,0.0,8199,
264,0.0014203853206709027,0.0,0.0,8209,
264,,,,8214,0.001207067514769733
265,0.0012689632130786777,0.0,0.0,8219,
265,0.001464943285100162,0.0,0.0,8229,
265,0.0012813153443858027,0.0,0.0,8239,
265,,,,8245,0.001205124193802476
266,0.001585648045875132,0.0,0.0,8249,
266,0.0012177269672974944,0.0,0.0,8259,
266,0.001057297340594232,0.0,0.0,8269,
266,,,,8276,0.0012030159123241901
267,0.0012727760476991534,0.0,0.0,8279,
267,0.001402640831656754,0.0,0.0,8289,
267,0.0010525250108912587,0.0,0.0,8299,
267,,,,8307,0.0012007391778752208
268,0.001151850214228034,0.0,0.0,8309,
268,0.001650889404118061,0.0,0.0,8319,
268,0.001337227295152843,0.0,0.0,8329,
268,,,,8338,0.001198263606056571
269,0.000962895224802196,0.0,0.0,8339,
269,0.001369738718494773,0.0,0.0,8349,
269,0.001009369851090014,0.0,0.0,8359,
269,0.00019617406360339373,0.0,0.0,8369,
269,,,,8369,0.0011955725494772196
270,0.0011882371036335826,0.0,0.0,8379,
270,0.0012219263007864356,0.0,0.0,8389,
270,0.0010252160718664527,0.0,0.0,8399,
270,,,,8400,0.0011926718289032578
271,0.0014584360178560019,0.0,0.0,8409,
271,0.0011704539647325873,0.0,0.0,8419,
271,0.0013465596130117774,0.0,0.0,8429,
271,,,,8431,0.0011895555071532726
272,0.0012765963329002261,0.0,0.0,8439,
272,0.0012891195947304368,0.0,0.0,8449,
272,0.0013223252026364207,0.0,0.0,8459,
272,,,,8462,0.0011862374376505613
273,0.0013781152665615082,0.0,0.0,8469,
273,0.0016433531418442726,0.0,0.0,8479,
273,0.0013093288289383054,0.0,0.0,8489,
273,,,,8493,0.0011827488197013736
274,0.0011238757288083434,0.0,0.0,8499,
274,0.001498010940849781,0.0,0.0,8509,
274,0.0014036506181582808,0.0,0.0,8519,
274,,,,8524,0.0011791220167651772
275,0.0012631580466404557,0.0,0.0,8529,
275,0.0014516188530251384,0.0,0.0,8539,
275,0.0012355021899566054,0.0,0.0,8549,
275,,,,8555,0.0011754055740311742
276,0.0015731118619441986,0.0,0.0,8559,
276,0.0012015611864626408,0.0,0.0,8569,
276,0.0010276883840560913,0.0,0.0,8579,
276,,,,8586,0.0011716608423739672
277,0.0012679965002462268,0.0,0.0,8589,
277,0.0013796212151646614,0.0,0.0,8599,
277,0.001009560888633132,0.0,0.0,8609,
277,,,,8617,0.0011679396266117692
278,0.0011401623487472534,0.0,0.0,8619,
278,0.0016549074789509177,0.0,0.0,8629,
278,0.0013096280163154006,0.0,0.0,8639,
278,,,,8648,0.0011643168982118368
279,0.0009438355918973684,0.0,0.0,8649,
279,0.0013236642116680741,0.0,0.0,8659,
279,0.0009862674633041024,0.0,0.0,8669,
279,0.0002174945257138461,0.0,0.0,8679,
279,,,,8679,0.0011608601780608296
280,0.001150742406025529,0.0,0.0,8689,
280,0.001193982781842351,0.0,0.0,8699,
280,0.0009973644046112895,0.0,0.0,8709,
280,,,,8710,0.001157604856416583
281,0.0014476858777925372,0.0,0.0,8719,
281,0.0011573809897527099,0.0,0.0,8729,
281,0.0013130600564181805,0.0,0.0,8739,
281,,,,8741,0.001154559082351625
282,0.0012582895578816533,0.0,0.0,8749,
282,0.0012720412341877818,0.0,0.0,8759,
282,0.0012793036876246333,0.0,0.0,8769,
282,,,,8772,0.0011516970116645098
283,0.0013394512934610248,0.0,0.0,8779,
283,0.0016180521342903376,0.0,0.0,8789,
283,0.0012774720089510083,0.0,0.0,8799,
283,,,,8803,0.0011489802272990346
284,0.0011003630934283137,0.0,0.0,8809,
284,0.001427838928066194,0.0,0.0,8819,
284,0.0013747637858614326,0.0,0.0,8829,
284,,,,8834,0.0011463825358077884
285,0.0012470193905755877,0.0,0.0,8839,
285,0.0014357402687892318,0.0,0.0,8849,
285,0.0011514353100210428,0.0,0.0,8859,
285,,,,8865,0.0011438897345215082
286,0.0015413593500852585,0.0,0.0,8869,
286,0.001176729565486312,0.0,0.0,8879,
286,0.000998823088593781,0.0,0.0,8889,
286,,,,8896,0.0011414934415370226
287,0.0012414611410349607,0.0,0.0,8899,
287,0.0013421884505078197,0.0,0.0,8909,
287,0.0009554012794978917,0.0,0.0,8919,
287,,,,8927,0.0011392006417736411
288,0.0011201297165825963,0.0,0.0,8929,
288,0.0016388645162805915,0.0,0.0,8939,
288,0.0012849157210439444,0.0,0.0,8949,
288,,,,8958,0.0011370111024007201
289,0.0009254180477000773,0.0,0.0,8959,
289,0.001274771522730589,0.0,0.0,8969,
289,0.0009710360900498927,0.0,0.0,8979,
289,0.00020834548922721297,0.0,0.0,8989,
289,,,,8989,0.0011349203996360302
290,0.0011124701704829931,0.0,0.0,8999,
290,0.001171387848444283,0.0,0.0,9009,
290,0.0009762062691152096,0.0,0.0,9019,
290,,,,9020,0.0011329322587698698
291,0.0014329495606943965,0.0,0.0,9029,
291,0.0011357147013768554,0.0,0.0,9039,
291,0.0012715279590338469,0.0,0.0,9049,
291,,,,9051,0.0011310467962175608
292,0.0012220657663419843,0.0,0.0,9059,
292,0.0012572261039167643,0.0,0.0,9069,
292,0.0012412515934556723,0.0,0.0,9079,
292,,,,9082,0.0011292516719549894
293,0.0013038626639172435,0.0,0.0,9089,
293,0.0015912699745967984,0.0,0.0,9099,
293,0.0012472616508603096,0.0,0.0,9109,
293,,,,9113,0.0011275409488007426
294,0.001078727887943387,0.0,0.0,9119,
294,0.0013818831648677588,0.0,0.0,9129,
294,0.0013484188821166754,0.0,0.0,9139,
294,,,,9144,0.0011259129969403148
295,0.0012255202746018767,0.0,0.0,9149,
295,0.0014254372799769044,0.0,0.0,9159,
295,0.0011007323628291488,0.0,0.0,9169,
295,,,,9175,0.001124355592764914
296,0.001518929610028863,0.0,0.0,9179,
296,0.0011566821485757828,0.0,0.0,9189,
296,0.0009721476235426962,0.0,0.0,9199,
296,,,,9206,0.0011228586081415415
297,0.0012146744411438704,0.0,0.0,9209,
297,0.0013180949026718736,0.0,0.0,9219,
297,0.0009157938766293228,0.0,0.0,9229,
297,,,,9237,0.001121416687965393
298,0.001095858751796186,0.0,0.0,9239,
298,0.0016142857493832707,0.0,0.0,9249,
298,0.001260202843695879,0.0,0.0,9259,
298,,,,9268,0.0011200268054381013
299,0.0009141344926320016,0.0,0.0,9269,
299,0.0012460764264687896,0.0,0.0,9279,
299,0.0009628008119761944,0.0,0.0,9289,
299,0.00019722148135770112,0.0,0.0,9299,
299,,,,9299,0.0011186836054548621
300,0.0010889637051150203,0.0,0.0,9309,
300,0.001149465679191053,0.0,0.0,9319,
300,0.000954463379457593,0.0,0.0,9329,
300,,,,9330,0.0011173795210197568
301,0.0014192878734320402,0.0,0.0,9339,
301,0.0011233347468078136,0.0,0.0,9349,
301,0.0012455590767785907,0.0,0.0,9359,
301,,,,9361,0.0011161142028868198
302,0.0011983152944594622,0.0,0.0,9369,
302,0.0012450534850358963,0.0,0.0,9379,
302,0.0012130395043641329,0.0,0.0,9389,
302,,,,9392,0.0011148882331326604
303,0.001283243764191866,0.0,0.0,9399,
303,0.001565589103847742,0.0,0.0,9409,
303,0.001225245650857687,0.0,0.0,9419,
303,,,,9423,0.001113699865527451
304,0.0010646670125424862,0.0,0.0,9429,
304,0.0013573248870670795,0.0,0.0,9439,
304,0.0013282742584124207,0.0,0.0,9449,
304,,,,9454,0.0011125443270429969
305,0.0012071306118741632,0.0,0.0,9459,
305,0.001416185055859387,0.0,0.0,9469,
305,0.0010669896146282554,0.0,0.0,9479,
305,,,,9485,0.0011114213848486543
306,0.0015079607255756855,0.0,0.0,9489,
306,0.001140715554356575,0.0,0.0,9499,
306,0.0009493953548371792,0.0,0.0,9509,
306,,,,9516,0.0011103323195129633
307,0.0011941660195589066,0.0,0.0,9519,
307,0.0013034058501943946,0.0,0.0,9529,
307,0.000887372822035104,0.0,0.0,9539,
307,,,,9547,0.001109275734052062
308,0.0010762776946648955,0.0,0.0,9549,
308,0.0015900357393547893,0.0,0.0,9559,
308,0.0012418028200045228,0.0,0.0,9569,
308,,,,9578,0.0011082513956353068
309,0.0009061727323569357,0.0,0.0,9579,
309,0.0012260150397196412,0.0,0.0,9589,
309,0.0009540298487991095,0.0,0.0,9599,
309,0.00018842867575585842,0.0,0.0,9609,
309,,,,9609,0.001107257092371583
310,0.0010718265548348427,0.0,0.0,9619,
310,0.001133587909862399,0.0,0.0,9629,
310,0.0009368365281261504,0.0,0.0,9639,
310,,,,9640,0.0011062946869060397
311,0.0014079335378482938,0.0,0.0,9649,
311,0.0011107909958809614,0.0,0.0,9659,
311,0.0012251470470800996,0.0,0.0,9669,
311,,,,9671,0.0011053637135773897
312,0.001182492240332067,0.0,0.0,9679,
312,0.0012357356026768684,0.0,0.0,9689,
312,0.0011930830078199506,0.0,0.0,9699,
312,,,,9702,0.0011044671991840005
313,0.0012660330394282937,0.0,0.0,9709,
313,0.0015435033710673451,0.0,0.0,9719,
313,0.0012056560954079032,0.0,0.0,9729,
313,,,,9733,0.0011036061914637685
314,0.0010530110448598862,0.0,0.0,9739,
314,0.001340030925348401,0.0,0.0,9749,
314,0.0013127829879522324,0.0,0.0,9759,
314,,,,9764,0.0011027809232473373
315,0.0011939622927457094,0.0,0.0,9769,
315,0.0014069471508264542,0.0,0.0,9779,
315,0.001032495521940291,0.0,0.0,9789,
315,,,,9795,0.0011020010570064187
316,0.0014995462261140347,0.0,0.0,9799,
316,0.001130880555137992,0.0,0.0,9809,
316,0.0009366415906697512,0.0,0.0,9819,
316,,,,9826,0.0011012678733095527
317,0.001177797093987465,0.0,0.0,9829,
317,0.0012897680280730128,0.0,0.0,9839,
317,0.0008633288671262562,0.0,0.0,9849,
317,,,,9857,0.0011005884734913707
318,0.0010604788549244404,0.0,0.0,9859,
318,0.0015655439347028732,0.0,0.0,9869,
318,0.0012322337133809924,0.0,0.0,9879,
318,,,,9888,0.0010999798541888595
319,0.0008992617949843407,0.0,0.0,9889,
319,0.0012096971040591598,0.0,0.0,9899,
319,0.000940575497224927,0.0,0.0,9909,
319,0.00017894039046950638,0.0,0.0,9919,
319,,,,9919,0.0010994620388373733
320,0.001055004890076816,0.0,0.0,9929,
320,0.0011293162824586034,0.0,0.0,9939,
320,0.0009312607580795884,0.0,0.0,9949,
320,,,,9950,0.0010990811279043555
321,0.0013971662847325206,0.0,0.0,9959,
321,0.0010835762368515134,0.0,0.0,9969,
321,0.0012057196581736207,0.0,0.0,9979,
321,,,,9981,0.0010989239672198892
322,0.0011676345020532608,0.0,0.0,9989,
322,0.0012287379940971732,0.0,0.0,9999,
322,0.0011826494010165334,0.0,0.0,10009,
322,,,,10012,0.0010991825256496668
323,0.0012430006172508001,0.0,0.0,10019,
323,0.0015355199575424194,0.0,0.0,10029,
323,0.0011814445024356246,0.0,0.0,10039,
323,,,,10043,0.0011002436513081193
324,0.001020746654830873,0.0,0.0,10049,
324,0.0013185640564188361,0.0,0.0,10059,
324,0.0013163067633286119,0.0,0.0,10069,
324,,,,10074,0.0011029462330043316
325,0.0011997331166639924,0.0,0.0,10079,
325,0.0013879912439733744,0.0,0.0,10089,
325,0.0009676972986198962,0.0,0.0,10099,
325,,,,10105,0.0011086679296568036
326,0.0014774795854464173,0.0,0.0,10109,
326,0.0011340446071699262,0.0,0.0,10119,
326,0.0009446472977288067,0.0,0.0,10129,
326,,,,10136,0.0011180666042491794
327,0.001150149037130177,0.0,0.0,10139,
327,0.001301140640862286,0.0,0.0,10149,
327,0.000835658167488873,0.0,0.0,10159,
327,,,,10167,0.0011259402381256223
328,0.001034306944347918,0.0,0.0,10169,
328,0.0014791793655604124,0.0,0.0,10179,
328,0.0012459995923563838,0.0,0.0,10189,
328,,,,10198,0.0011225591879338026
329,0.0009173630969598889,0.0,0.0,10199,
329,0.001208439702168107,0.0,0.0,10209,
329,0.0008878145017661154,0.0,0.0,10219,
329,0.00017354929877910763,0.0,0.0,10229,
329,,,,10229,0.0011131276842206717
330,0.0010259364498779178,0.0,0.0,10239,
330,0.0011311178095638752,0.0,0.0,10249,
330,0.0008996057440526783,0.0,0.0,10259,
330,,,,10260,0.001113350735977292
331,0.0013547597918659449,0.0,0.0,10269,
331,0.0010581625392660499,0.0,0.0,10279,
331,0.0011791815049946308,0.0,0.0,10289,
331,,,,10291,0.001128760864958167
332,0.0011417503701522946,0.0,0.0,10299,
332,0.0011768705444410443,0.0,0.0,10309,
332,0.0011611380614340305,0.0,0.0,10319,
332,,,,10322,0.001139103784225881
333,0.0012356126680970192,0.0,0.0,10329,
333,0.0015376327792182565,0.0,0.0,10339,
333,0.00115231703966856,0.0,0.0,10349,
333,,,,10353,0.001113739563152194
334,0.0009557204903103411,0.0,0.0,10359,
334,0.0013061872450634837,0.0,0.0,10369,
334,0.0012927661882713437,0.0,0.0,10379,
334,,,,10384,0.0010906332172453403
335,0.0011807994451373816,0.0,0.0,10389,
335,0.0013573099859058857,0.0,0.0,10399,
335,0.000973440648522228,0.0,0.0,10409,
335,,,,10415,0.0011087361490353942
336,0.0014969194307923317,0.0,0.0,10419,
336,0.0011554495431482792,0.0,0.0,10429,
336,0.0009621314820833504,0.0,0.0,10439,
336,,,,10446,0.001176539110019803
337,0.0011671764077618718,0.0,0.0,10449,
337,0.0013162675313651562,0.0,0.0,10459,
337,0.0008228771621361375,0.0,0.0,10469,
337,,,,10477,0.0011526091257110238
338,0.001056612585671246,0.0,0.0,10479,
338,0.0014868828002363443,0.0,0.0,10489,
338,0.0012236511101946235,0.0,0.0,10499,
338,,,,10508,0.001075509935617447
339,0.0008776368340477347,0.0,0.0,10509,
339,0.001186680281534791,0.0,0.0,10519,
339,0.0008884494309313595,0.0,0.0,10529,
339,0.0001772561518009752,0.0,0.0,10539,
339,,,,10539,0.001078332308679819
340,0.001022490207105875,0.0,0.0,10549,
340,0.001134383142925799,0.0,0.0,10559,
340,0.0008782296790741384,0.0,0.0,10569,
340,,,,10570,0.0011246121721342206
341,0.0013633571797981858,0.0,0.0,10579,
341,0.001052042585797608,0.0,0.0,10589,
341,0.0011761534260585904,0.0,0.0,10599,
341,,,,10601,0.0012622299836948514
342,0.001174896489828825,0.0,0.0,10609,
342,0.0011503235436975956,0.0,0.0,10619,
342,0.0011496104998514056,0.0,0.0,10629,
342,,,,10632,0.0010904321679845452
343,0.0012172110145911574,0.0,0.0,10639,
343,0.0014845120022073388,0.0,0.0,10649,
343,0.001151817967183888,0.0,0.0,10659,
343,,,,10663,0.0010680403793230653
344,0.0009501676540821791,0.0,0.0,10669,
344,0.0013092376757413149,0.0,0.0,10679,
344,0.0012697463389486074,0.0,0.0,10689,
344,,,,10694,0.0010959467617794871
345,0.0011906834552064538,0.0,0.0,10699,
345,0.0013591120950877666,0.0,0.0,10709,
345,0.0009217182523570955,0.0,0.0,10719,
345,,,,10725,0.001200622646138072
346,0.0014984203735366464,0.0,0.0,10729,
346,0.0011290987022221088,0.0,0.0,10739,
346,0.0008553649531677365,0.0,0.0,10749,
346,,,,10756,0.0011348730186000466
347,0.0011329276021569967,0.0,0.0,10759,
347,0.0012928671203553677,0.0,0.0,10769,
347,0.0008024168782867491,0.0,0.0,10779,
347,,,,10787,0.0010653989156708121
348,0.0010147544089704752,0.0,0.0,10789,
348,0.0014731191331520677,0.0,0.0,10799,
348,0.0012321440735831857,0.0,0.0,10809,
348,,,,10818,0.0010764129692688584
349,0.000872114032972604,0.0,0.0,10819,
349,0.0011997694382444024,0.0,0.0,10829,
349,0.00089313555508852,0.0,0.0,10839,
349,0.00018622438074089587,0.0,0.0,10849,
349,,,,10849,0.0011588671477511525
350,0.0009955880232155323,0.0,0.0,10859,
350,0.0011000303784385324,0.0,0.0,10869,
350,0.000867616618052125,0.0,0.0,10879,
350,,,,10880,0.0012259617215022445
351,0.0014027809957042336,0.0,0.0,10889,
351,0.0010314143728464842,0.0,0.0,10899,
351,0.001155307050794363,0.0,0.0,10909,
351,,,,10911,0.0010807885555550456
352,0.001106860232539475,0.0,0.0,10919,
352,0.0011310484260320663,0.0,0.0,10929,
352,0.0011122694704681635,0.0,0.0,10939,
352,,,,10942,0.0010642219567671418
353,0.0012006061151623726,0.0,0.0,10949,
353,0.0014925339492037892,0.0,0.0,10959,
353,0.0011919868411496282,0.0,0.0,10969,
353,,,,10973,0.0011069286847487092
354,0.0009859944693744183,0.0,0.0,10979,
354,0.0013379567535594106,0.0,0.0,10989,
354,0.0013255981029942632,0.0,0.0,10999,
354,,,,11004,0.0012507184874266386
355,0.001250162604264915,0.0,0.0,11009,
355,0.001381320646032691,0.0,0.0,11019,
355,0.0009058130672201514,0.0,0.0,11029,
355,,,,11035,0.0010841781040653586
356,0.0014865021221339703,0.0,0.0,11039,
356,0.0011031642789021134,0.0,0.0,11049,
356,0.0008599627180956304,0.0,0.0,11059,
356,,,,11066,0.0010627030860632658
357,0.001097345259040594,0.0,0.0,11069,
357,0.0012653631856665015,0.0,0.0,11079,
357,0.0008204961777664721,0.0,0.0,11089,
357,,,,11097,0.001093257567845285
358,0.001047594239935279,0.0,0.0,11099,
358,0.0014841774245724082,0.0,0.0,11109,
358,0.001282669953070581,0.0,0.0,11119,
358,,,,11128,0.001214545569382608
359,0.0009936130372807384,0.0,0.0,11129,
359,0.001185513916425407,0.0,0.0,11139,
359,0.0008663947228342295,0.0,0.0,11149,
359,0.00017715405556373298,0.0,0.0,11159,
359,,,,11159,0.0010886763921007514
360,0.0009623959776945412,0.0,0.0,11169,
360,0.001079547917470336,0.0,0.0,11179,
360,0.0008501260890625417,0.0,0.0,11189,
360,,,,11190,0.0010574455372989178
361,0.0013320703292265534,0.0,0.0,11199,
361,0.0010603066766634583,0.0,0.0,11209,
361,0.0011532114585861564,0.0,0.0,11219,
361,,,,11221,0.0010852915002033114
362,0.0011841104133054614,0.0,0.0,11229,
362,0.0012225440004840493,0.0,0.0,11239,
362,0.0011602109298110008,0.0,0.0,11249,
362,,,,11252,0.0012362097622826695
363,0.0012265091063454747,0.0,0.0,11259,
363,0.0014849219005554914,0.0,0.0,11269,
363,0.0011445198906585574,0.0,0.0,11279,
363,,,,11283,0.0010830671526491642
364,0.0009310126188211143,0.0,0.0,11289,
364,0.0012748746667057276,0.0,0.0,11299,
364,0.0012503835605457425,0.0,0.0,11309,
364,,,,11314,0.0010558675276115537
365,0.0011659315787255764,0.0,0.0,11319,
365,0.0013434874126687646,0.0,0.0,11329,
365,0.0009484910988248885,0.0,0.0,11339,
365,,,,11345,0.0010847175726667047
366,0.0015046610496938229,0.0,0.0,11349,
366,0.0011732784332707524,0.0,0.0,11359,
366,0.0009241967345587909,0.0,0.0,11369,
366,,,,11376,0.0012296842178329825
367,0.001180386752821505,0.0,0.0,11379,
367,0.0012605704832822084,0.0,0.0,11389,
367,0.0008122658473439515,0.0,0.0,11399,
367,,,,11407,0.0010792807443067431
368,0.0010134910698980093,0.0,0.0,11409,
368,0.0014308725949376822,0.0,0.0,11419,
368,0.0011946003651246428,0.0,0.0,11429,
368,,,,11438,0.0010546520352363586
369,0.0008582166046835482,0.0,0.0,11439,
369,0.0011542747961357236,0.0,0.0,11449,
369,0.0008664416964165866,0.0,0.0,11459,
369,0.0001844428334152326,0.0,0.0,11469,
369,,,,11469,0.0010862720664590597
370,0.0010190119501203299,0.0,0.0,11479,
370,0.0011526558082550764,0.0,0.0,11489,
370,0.0008648784132674336,0.0,0.0,11499,
370,,,,11500,0.0012269146973267198
371,0.0014005594421178102,0.0,0.0,11509,
371,0.0010153403272852302,0.0,0.0,11519,
371,0.0011414594482630491,0.0,0.0,11529,
371,,,,11531,0.0010751666268333793
372,0.0010850289836525917,0.0,0.0,11539,
372,0.0011125019518658519,0.0,0.0,11549,
372,0.0011006944114342332,0.0,0.0,11559,
372,,,,11562,0.0010553670581430197
373,0.0011773082660511136,0.0,0.0,11569,
373,0.0014709305251017213,0.0,0.0,11579,
373,0.0011728614335879683,0.0,0.0,11589,
373,,,,11593,0.001090497593395412
374,0.0009620137279853225,0.0,0.0,11599,
374,0.0013185504358261824,0.0,0.0,11609,
374,0.001306425197981298,0.0,0.0,11619,
374,,,,11624,0.0012107003713026643
375,0.001236485899426043,0.0,0.0,11629,
375,0.0013654377544298768,0.0,0.0,11639,
375,0.0008841640665195882,0.0,0.0,11649,
375,,,,11655,0.0010724050225690007
376,0.0014762370847165585,0.0,0.0,11659,
376,0.0010782248573377728,0.0,0.0,11669,
376,0.0008310260600410402,0.0,0.0,11679,
376,,,,11686,0.0010532287415117025
377,0.0010904122609645128,0.0,0.0,11689,
377,0.0012540529714897275,0.0,0.0,11699,
377,0.0008207127102650702,0.0,0.0,11709,
377,,,,11717,0.0010947544360533357
378,0.001041801879182458,0.0,0.0,11719,
378,0.0014567292528226972,0.0,0.0,11729,
378,0.0012396551901474595,0.0,0.0,11739,
378,,,,11748,0.0012057381682097912
379,0.0009838668629527092,0.0,0.0,11749,
379,0.0011700763134285808,0.0,0.0,11759,
379,0.0008696156437508762,0.0,0.0,11769,
379,0.00017593009397387505,0.0,0.0,11779,
379,,,,11779,0.0010709490161389112
380,0.0009462851448915899,0.0,0.0,11789,
380,0.00107654242310673,0.0,0.0,11799,
380,0.0008318942855112255,0.0,0.0,11809,
380,,,,11810,0.001053792191669345
381,0.0013286519097164273,0.0,0.0,11819,
381,0.0010356884449720383,0.0,0.0,11829,
381,0.0011292301351204515,0.0,0.0,11839,
381,,,,11841,0.0010994416661560535
382,0.0011255624704062939,0.0,0.0,11849,
382,0.0011432459577918053,0.0,0.0,11859,
382,0.001123274676501751,0.0,0.0,11869,
382,,,,11872,0.0011839666403830051
383,0.0012113240081816912,0.0,0.0,11879,
383,0.00148077926132828,0.0,0.0,11889,
383,0.0011325712548568845,0.0,0.0,11899,
383,,,,11903,0.0010656542144715786
384,0.000919330574106425,0.0,0.0,11909,
384,0.0012632278958335519,0.0,0.0,11919,
384,0.0012430420611053705,0.0,0.0,11929,
384,,,,11934,0.0010488443076610565
385,0.0011674943380057812,0.0,0.0,11939,
385,0.0013330031652003527,0.0,0.0,11949,
385,0.0009300007950514555,0.0,0.0,11959,
385,,,,11965,0.0011017355136573315
386,0.0014815926551818848,0.0,0.0,11969,
386,0.0011127381585538387,0.0,0.0,11979,
386,0.0008344367961399257,0.0,0.0,11989,
386,,,,11996,0.0011891259346157312
387,0.0011486491421237588,0.0,0.0,11999,
387,0.001251684851013124,0.0,0.0,12009,
387,0.0008074591751210392,0.0,0.0,12019,
387,,,,12027,0.001066759112291038
388,0.0009973798878490925,0.0,0.0,12029,
388,0.0014104811707511544,0.0,0.0,12039,
388,0.0011862164828926325,0.0,0.0,12049,
388,,,,12058,0.001048983889631927
389,0.0008525440352968872,0.0,0.0,12059,
389,0.0011415883200243115,0.0,0.0,12069,
389,0.000850086915306747,0.0,0.0,12079,
389,0.00018134202400688082,0.0,0.0,12089,
389,,,,12089,0.001102594775147736
390,0.0009581706253811717,0.0,0.0,12099,
390,0.00108585215639323,0.0,0.0,12109,
390,0.0008237301371991634,0.0,0.0,12119,
390,,,,12120,0.0011661396129056811
391,0.0013889748370274901,0.0,0.0,12129,
391,0.0010065207025036216,0.0,0.0,12139,
391,0.0011089328909292817,0.0,0.0,12149,
391,,,,12151,0.0010588658042252064
392,0.0010798994917422533,0.0,0.0,12159,
392,0.0011135815875604749,0.0,0.0,12169,
392,0.0010859731119126081,0.0,0.0,12179,
392,,,,12182,0.0010442092316225171
393,0.0011658036382868886,0.0,0.0,12189,
393,0.0014585936442017555,0.0,0.0,12199,
393,0.0011668707011267543,0.0,0.0,12209,
393,,,,12213,0.001096827443689108
394,0.0009361470583826303,0.0,0.0,12219,
394,0.0012813078938052058,0.0,0.0,12229,
394,0.0012724047992378473,0.0,0.0,12239,
394,,,,12244,0.0011769011616706848
395,0.0012249380815774202,0.0,0.0,12249,
395,0.0013534119352698326,0.0,0.0,12259,
395,0.0008658517035655677,0.0,0.0,12269,
395,,,,12275,0.0010613680351525545
396,0.001469821436330676,0.0,0.0,12279,
396,0.0010528481798246503,0.0,0.0,12289,
396,0.0008136127726174891,0.0,0.0,12299,
396,,,,12306,0.001042406540364027
397,0.0010838406160473824,0.0,0.0,12309,
397,0.0012483729515224695,0.0,0.0,12319,
397,0.0008170408545993268,0.0,0.0,12329,
397,,,,12337,0.001091599464416504
398,0.0010249261977151036,0.0,0.0,12339,
398,0.0014349047560244799,0.0,0.0,12349,
398,0.001200958271510899,0.0,0.0,12359,
398,,,,12368,0.0011596244294196367
399,0.0009450678480789065,0.0,0.0,12369,
399,0.001152397831901908,0.0,0.0,12379,
399,0.0008470219909213483,0.0,0.0,12389,
399,0.00017742464842740446,0.0,0.0,12399,
399,,,,12399,0.0010570689337328076
400,0.0009270900045521557,0.0,0.0,12409,
400,0.0010593809420242906,0.0,0.0,12419,
400,0.000809660239610821,0.0,0.0,12429,
400,,,,12430,0.0010389714734628797
401,0.001323241856880486,0.0,0.0,12439,
401,0.0010407394729554653,0.0,0.0,12449,
401,0.001117036328651011,0.0,0.0,12459,
401,,,,12461,0.001080494374036789
402,0.0011154389940202236,0.0,0.0,12469,
402,0.0011190441437065601,0.0,0.0,12479,
402,0.0011072615161538124,0.0,0.0,12489,
402,,,,12492,0.0011622130405157804
403,0.0012017812114208937,0.0,0.0,12499,
403,0.0014721812913194299,0.0,0.0,12509,
403,0.0011223548790439963,0.0,0.0,12519,
403,,,,12523,0.0010587015422061086
404,0.0009081007447093725,0.0,0.0,12529,
404,0.0012462601298466325,0.0,0.0,12539,
404,0.0012359233805909753,0.0,0.0,12549,
404,,,,12554,0.0010365002090111375
405,0.0011579733109101653,0.0,0.0,12559,
405,0.001318328082561493,0.0,0.0,12569,
405,0.0009123451891355217,0.0,0.0,12579,
405,,,,12585,0.0010712940711528063
406,0.0014742997009307146,0.0,0.0,12589,
406,0.001107616350054741,0.0,0.0,12599,
406,0.0008315067389048636,0.0,0.0,12609,
406,,,,12616,0.00114781828597188
407,0.0011191132944077253,0.0,0.0,12619,
407,0.0012391828931868076,0.0,0.0,12629,
407,0.0007956264889799058,0.0,0.0,12639,
407,,,,12647,0.0010584663832560182
408,0.0009794071083888412,0.0,0.0,12649,
408,0.0013911823043599725,0.0,0.0,12659,
408,0.0011628702050074935,0.0,0.0,12669,
408,,,,12678,0.0010336276609450579
409,0.0008432804606854916,0.0,0.0,12679,
409,0.0011270289542153478,0.0,0.0,12689,
409,0.00084322365000844,0.0,0.0,12699,
409,0.000183748546987772,0.0,0.0,12709,
409,,,,12709,0.001058067660778761
410,0.0009637626935727894,0.0,0.0,12719,
410,0.0010907672112807631,0.0,0.0,12729,
410,0.0008184592006728053,0.0,0.0,12739,
410,,,,12740,0.001140605891123414
411,0.0013955587055534124,0.0,0.0,12749,
411,0.0010026940144598484,0.0,0.0,12759,
411,0.0010945603717118502,0.0,0.0,12769,
411,,,,12771,0.001062636962160468
412,0.0010701653081923723,0.0,0.0,12779,
412,0.0010891417041420937,0.0,0.0,12789,
412,0.0010785452323034406,0.0,0.0,12799,
412,,,,12802,0.0010312102967873216
413,0.0011541004059836268,0.0,0.0,12809,
413,0.0014324119547381997,0.0,0.0,12819,
413,0.0011524189030751586,0.0,0.0,12829,
413,,,,12833,0.0010450613917782903
414,0.0009414167143404484,0.0,0.0,12839,
414,0.001321867574006319,0.0,0.0,12849,
414,0.0012875034008175135,0.0,0.0,12859,
414,,,,12864,0.0011237523285672069
415,0.0011912013869732618,0.0,0.0,12869,
415,0.001337330206297338,0.0,0.0,12879,
415,0.0008451321627944708,0.0,0.0,12889,
415,,,,12895,0.00107181363273412
416,0.0014451697934418917,0.0,0.0,12899,
416,0.0010401292238384485,0.0,0.0,12909,
416,0.000787705066613853,0.0,0.0,12919,
416,,,,12926,0.0010290875798091292
417,0.001066633383743465,0.0,0.0,12929,
417,0.0012308929581195116,0.0,0.0,12939,
417,0.0007960524526424706,0.0,0.0,12949,
417,,,,12957,0.0010342601453885436
418,0.0010124861728399992,0.0,0.0,12959,
418,0.0014329910045489669,0.0,0.0,12969,
418,0.001234025927260518,0.0,0.0,12979,
418,,,,12988,0.0010932160075753927
419,0.0008902889094315469,0.0,0.0,12989,
419,0.0011441876413300633,0.0,0.0,12999,
419,0.000816387590020895,0.0,0.0,13009,
419,0.00018310657469555736,0.0,0.0,13019,
419,,,,13019,0.0010864032665267587
420,0.0009142036433331668,0.0,0.0,13029,
420,0.0010390421375632286,0.0,0.0,13039,
420,0.000792569131590426,0.0,0.0,13049,
420,,,,13050,0.0010314172832295299
421,0.0013218038948252797,0.0,0.0,13059,
421,0.0010048442054539919,0.0,0.0,13069,
421,0.0010839641327038407,0.0,0.0,13079,
421,,,,13081,0.0010260321432724595
422,0.0011172962840646505,0.0,0.0,13089,
422,0.0011583352461457253,0.0,0.0,13099,
422,0.001080971909686923,0.0,0.0,13109,
422,,,,13112,0.0010434807045385242
423,0.0011638974538072944,0.0,0.0,13119,
423,0.0014700584579259157,0.0,0.0,13129,
423,0.0011069857282564044,0.0,0.0,13139,
423,,,,13143,0.0010799313895404339
424,0.0009048735373653471,0.0,0.0,13149,
424,0.001248051761649549,0.0,0.0,13159,
424,0.0012368405004963279,0.0,0.0,13169,
424,,,,13174,0.0010522506199777126
425,0.0011582010192796588,0.0,0.0,13179,
425,0.0013095935573801398,0.0,0.0,13189,
425,0.0008417901117354631,0.0,0.0,13199,
425,,,,13205,0.0010221278062090278
426,0.0014368371339514852,0.0,0.0,13209,
426,0.0010761740850284696,0.0,0.0,13219,
426,0.0008122724830172956,0.0,0.0,13229,
426,,,,13236,0.0010232252534478903
427,0.00108492118306458,0.0,0.0,13239,
427,0.00125501723960042,0.0,0.0,13249,
427,0.000788841862231493,0.0,0.0,13259,
427,,,,13267,0.001044558477587998
428,0.000979048665612936,0.0,0.0,13269,
428,0.001408468117006123,0.0,0.0,13279,
428,0.0011781908106058836,0.0,0.0,13289,
428,,,,13298,0.0010437763994559646
429,0.0008496877271682024,0.0,0.0,13299,
429,0.0011248324299231172,0.0,0.0,13309,
429,0.000808078097179532,0.0,0.0,13319,
429,0.00016467181558255106,0.0,0.0,13329,
429,,,,13329,0.0010252312058582902
430,0.0009176662424579263,0.0,0.0,13339,
430,0.001040761242620647,0.0,0.0,13349,
430,0.0007923388620838523,0.0,0.0,13359,
430,,,,13360,0.0010181063553318381
431,0.0013195016654208302,0.0,0.0,13369,
431,0.0010247534373775125,0.0,0.0,13379,
431,0.0010771058732643723,0.0,0.0,13389,
431,,,,13391,0.0010258355177938938
432,0.001091335085220635,0.0,0.0,13399,
432,0.0011026730062440038,0.0,0.0,13409,
432,0.001075698179192841,0.0,0.0,13419,
432,,,,13422,0.0010212460765615106
433,0.0011446683201938868,0.0,0.0,13429,
433,0.001442256267182529,0.0,0.0,13439,
433,0.0010976111516356468,0.0,0.0,13449,
433,,,,13453,0.001012280466966331
434,0.0008877451182343066,0.0,0.0,13459,
434,0.0012826938182115555,0.0,0.0,13469,
434,0.0012298693181946874,0.0,0.0,13479,
434,,,,13484,0.001015279209241271
435,0.0011469728779047728,0.0,0.0,13489,
435,0.0013046470703557134,0.0,0.0,13499,
435,0.0008504917495884001,0.0,0.0,13509,
435,,,,13515,0.0010205080034211278
436,0.0014310911064967513,0.0,0.0,13519,
436,0.001081296126358211,0.0,0.0,13529,
436,0.0008154558017849922,0.0,0.0,13539,
436,,,,13546,0.0010123903630301356
437,0.001069278339855373,0.0,0.0,13549,
437,0.001258054282516241,0.0,0.0,13559,
437,0.0007703432929702103,0.0,0.0,13569,
437,,,,13577,0.0010073985904455185
438,0.0009742157999426126,0.0,0.0,13579,
438,0.0013965737307444215,0.0,0.0,13589,
438,0.001139890169724822,0.0,0.0,13599,
438,,,,13608,0.0010089805582538247
439,0.000827329175081104,0.0,0.0,13609,
439,0.0011005484266206622,0.0,0.0,13619,
439,0.0008092514472082257,0.0,0.0,13629,
439,0.0001602268748683855,0.0,0.0,13639,
439,,,,13639,0.0010092449374496937
440,0.0009519787272438407,0.0,0.0,13649,
440,0.0010210179025307298,0.0,0.0,13659,
440,0.0007934385794214904,0.0,0.0,13669,
440,,,,13670,0.0010076940525323153
441,0.0013091843575239182,0.0,0.0,13679,
441,0.0009999562753364444,0.0,0.0,13689,
441,0.0010643096175044775,0.0,0.0,13699,
441,,,,13701,0.0010088422568514943
442,0.001072817132808268,0.0,0.0,13709,
442,0.0010930303251370788,0.0,0.0,13719,
442,0.0010506617836654186,0.0,0.0,13729,
442,,,,13732,0.0010143324034288526
443,0.0011417310452088714,0.0,0.0,13739,
443,0.001414156868122518,0.0,0.0,13749,
443,0.0011020053643733263,0.0,0.0,13759,
443,,,,13763,0.001019227784126997
444,0.0008841762319207191,0.0,0.0,13769,
444,0.001248795073479414,0.0,0.0,13779,
444,0.0012089854571968317,0.0,0.0,13789,
444,,,,13794,0.0010197908850386739
445,0.0011285534128546715,0.0,0.0,13799,
445,0.0012870175996795297,0.0,0.0,13809,
445,0.0008623120957054198,0.0,0.0,13819,
445,,,,13825,0.0010191036853939295
446,0.001421819208189845,0.0,0.0,13829,
446,0.0010338153224438429,0.0,0.0,13839,
446,0.0007397211156785488,0.0,0.0,13849,
446,,,,13856,0.0010175320785492659
447,0.0010626895818859339,0.0,0.0,13859,
447,0.0012237213086336851,0.0,0.0,13869,
447,0.0008024980197660625,0.0,0.0,13879,
447,,,,13887,0.0010153562761843204
448,0.0009705548291094601,0.0,0.0,13889,
448,0.0013744020834565163,0.0,0.0,13899,
448,0.0010931999422609806,0.0,0.0,13909,
448,,,,13918,0.0010157920187339187
449,0.0008364642271772027,0.0,0.0,13919,
449,0.0011038973461836576,0.0,0.0,13929,
449,0.0008076679077930748,0.0,0.0,13939,
449,0.00015204536612145603,0.0,0.0,13949,
449,,,,13949,0.0010138864163309336
450,0.0009184550144709647,0.0,0.0,13959,
450,0.0010017252061516047,0.0,0.0,13969,
450,0.000795914267655462,0.0,0.0,13979,
450,,,,13980,0.0010159488301724195
451,0.0013065570965409279,0.0,0.0,13989,
451,0.001022575655952096,0.0,0.0,13999,
451,0.0010648468742147088,0.0,0.0,14009,
451,,,,14011,0.0010160224046558142
452,0.0010777253191918135,0.0,0.0,14019,
452,0.0010946301044896245,0.0,0.0,14029,
452,0.0010551149025559425,0.0,0.0,14039,
452,,,,14042,0.0010179103119298816
453,0.0011347829131409526,0.0,0.0,14049,
453,0.0013998167123645544,0.0,0.0,14059,
453,0.0011131016071885824,0.0,0.0,14069,
453,,,,14073,0.001022821175865829
454,0.0008876852807588875,0.0,0.0,14079,
454,0.001250618603080511,0.0,0.0,14089,
454,0.0012057045241817832,0.0,0.0,14099,
454,,,,14104,0.0010239880066365004
455,0.0011279195314273238,0.0,0.0,14109,
455,0.001281494740396738,0.0,0.0,14119,
455,0.0008766224491409957,0.0,0.0,14129,
455,,,,14135,0.0010318536078557372
456,0.0014478415250778198,0.0,0.0,14139,
456,0.0010351393138989806,0.0,0.0,14149,
456,0.0007506734691560268,0.0,0.0,14159,
456,,,,14166,0.0010316359112039208
457,0.0010728186462074518,0.0,0.0,14169,
457,0.0012156806187704206,0.0,0.0,14179,
457,0.0007797626312822104,0.0,0.0,14189,
457,,,,14197,0.0010352772660553455
458,0.0009806222515180707,0.0,0.0,14199,
458,0.0013826547656208277,0.0,0.0,14209,
458,0.0011324671795591712,0.0,0.0,14219,
458,,,,14228,0.0010387917282059789
459,0.0008638283470645547,0.0,0.0,14229,
459,0.0010976189514622092,0.0,0.0,14239,
459,0.0007971595041453838,0.0,0.0,14249,
459,0.00016122960369102657,0.0,0.0,14259,
459,,,,14259,0.0010438740719109774
460,0.0009201758075505495,0.0,0.0,14269,
460,0.0010186529252678156,0.0,0.0,14279,
460,0.0008167304913513362,0.0,0.0,14289,
460,,,,14290,0.001053000334650278
461,0.0013244209112599492,0.0,0.0,14299,
461,0.0010129123693332076,0.0,0.0,14309,
461,0.0010558663634583354,0.0,0.0,14319,
461,,,,14321,0.001035519759170711
462,0.0010712587973102927,0.0,0.0,14329,
462,0.0010800353484228253,0.0,0.0,14339,
462,0.0010926061077043414,0.0,0.0,14349,
462,,,,14352,0.0010226259473711252
463,0.0011335811577737331,0.0,0.0,14359,
463,0.0013930870918557048,0.0,0.0,14369,
463,0.0010859763715416193,0.0,0.0,14379,
463,,,,14383,0.0010345716727897525
464,0.0008715400472283363,0.0,0.0,14389,
464,0.0012358400272205472,0.0,0.0,14399,
464,0.0012458960991352797,0.0,0.0,14409,
464,,,,14414,0.0010334075195714831
465,0.0011410529259592295,0.0,0.0,14419,
465,0.0012890754733234644,0.0,0.0,14429,
465,0.000844681984744966,0.0,0.0,14439,
465,,,,14445,0.0010354012483730912
466,0.0014391759177669883,0.0,0.0,14449,
466,0.0010061869397759438,0.0,0.0,14459,
466,0.0007809347007423639,0.0,0.0,14469,
466,,,,14476,0.0010326884221285582
467,0.0010615981882438064,0.0,0.0,14479,
467,0.001247887616045773,0.0,0.0,14489,
467,0.000768301251810044,0.0,0.0,14499,
467,,,,14507,0.0010396088473498821
468,0.0009553513955324888,0.0,0.0,14509,
468,0.0013726779725402594,0.0,0.0,14519,
468,0.00111876439768821,0.0,0.0,14529,
468,,,,14538,0.0010343820322304964
469,0.0008604433969594538,0.0,0.0,14539,
469,0.001103744376450777,0.0,0.0,14549,
469,0.0007916739559732378,0.0,0.0,14559,
469,0.00015406470629386604,0.0,0.0,14569,
469,,,,14569,0.0010430091060698032
470,0.0008881708490662277,0.0,0.0,14579,
470,0.0010069833369925618,0.0,0.0,14589,
470,0.0007949160062707961,0.0,0.0,14599,
470,,,,14600,0.001030460582114756
471,0.0013144679833203554,0.0,0.0,14609,
471,0.0009857845725491643,0.0,0.0,14619,
471,0.0010554787004366517,0.0,0.0,14629,
471,,,,14631,0.0010485696839168668
472,0.001086603500880301,0.0,0.0,14639,
472,0.0010691399220377207,0.0,0.0,14649,
472,0.001062858966179192,0.0,0.0,14659,
472,,,,14662,0.0010231983615085483
473,0.0011398665374144912,0.0,0.0,14669,
473,0.0013837672304362059,0.0,0.0,14679,
473,0.001084127463400364,0.0,0.0,14689,
473,,,,14693,0.0010622214758768678
474,0.0008726391824893653,0.0,0.0,14699,
474,0.0012227300321683288,0.0,0.0,14709,
474,0.0012314959894865751,0.0,0.0,14719,
474,,,,14724,0.0010099272476509213
475,0.0011311783455312252,0.0,0.0,14729,
475,0.001285742619074881,0.0,0.0,14739,
475,0.0008339367341250181,0.0,0.0,14749,
475,,,,14755,0.0010824608616530895
476,0.0014333776198327541,0.0,0.0,14759,
476,0.0010095685720443726,0.0,0.0,14769,
476,0.0007709863130003214,0.0,0.0,14779,
476,,,,14786,0.0009978130692616105
477,0.001054886495694518,0.0,0.0,14789,
477,0.0012448322959244251,0.0,0.0,14799,
477,0.000753892760258168,0.0,0.0,14809,
477,,,,14817,0.0010854766005650163
478,0.0009569902322255075,0.0,0.0,14819,
478,0.0014044120907783508,0.0,0.0,14829,
478,0.0011238311417400837,0.0,0.0,14839,
478,,,,14848,0.0009951562387868762
479,0.0008200602605938911,0.0,0.0,14849,
479,0.0010812908876687288,0.0,0.0,14859,
479,0.0007852555718272924,0.0,0.0,14869,
479,0.00015346199506893754,0.0,0.0,14879,
479,,,,14879,0.0010795820271596313
480,0.0009021426667459309,0.0,0.0,14889,
480,0.0009998182067647576,0.0,0.0,14899,
480,0.0007701799040660262,0.0,0.0,14909,
480,,,,14910,0.0009933593682944775
481,0.0012903743190690875,0.0,0.0,14919,
481,0.000977776013314724,0.0,0.0,14929,
481,0.0010530495783314109,0.0,0.0,14939,
481,,,,14941,0.001076882821507752
482,0.0011014478513970971,0.0,0.0,14949,
482,0.001058752997778356,0.0,0.0,14959,
482,0.001046840101480484,0.0,0.0,14969,
482,,,,14972,0.00099174992647022
483,0.0011416103225201368,0.0,0.0,14979,
483,0.0013873791322112083,0.0,0.0,14989,
483,0.0010840065078809857,0.0,0.0,14999,
483,,,,15003,0.0010745262261480093
484,0.0008748848922550678,0.0,0.0,15009,
484,0.0012107188813388348,0.0,0.0,15019,
484,0.0012171335984021425,0.0,0.0,15029,
484,,,,15034,0.0009905853075906634
485,0.0011222913162782788,0.0,0.0,15039,
485,0.001277910778298974,0.0,0.0,15049,
485,0.0008242749026976526,0.0,0.0,15059,
485,,,,15065,0.0010723886080086231
486,0.0014207111671566963,0.0,0.0,15069,
486,0.0010054685408249497,0.0,0.0,15079,
486,0.0007525486289523542,0.0,0.0,15089,
486,,,,15096,0.0009892290690913796
487,0.001048385864123702,0.0,0.0,15099,
487,0.0012209543492645025,0.0,0.0,15109,
487,0.0007499343482777476,0.0,0.0,15119,
487,,,,15127,0.0010673280339688063
488,0.0009597352473065257,0.0,0.0,15129,
488,0.001391877420246601,0.0,0.0,15139,
488,0.0011059088865295053,0.0,0.0,15149,
488,,,,15158,0.0009878140408545732
489,0.0008146162144839764,0.0,0.0,15159,
489,0.0010781323071569204,0.0,0.0,15169,
489,0.0007802839390933514,0.0,0.0,15179,
489,0.00014897793880663812,0.0,0.0,15189,
489,,,,15189,0.0010598718654364347
490,0.0008940438856370747,0.0,0.0,15199,
490,0.0009811928030103445,0.0,0.0,15209,
490,0.0007735241088084877,0.0,0.0,15219,
490,,,,15220,0.000988708809018135
491,0.0012840451672673225,0.0,0.0,15229,
491,0.0009738518856465816,0.0,0.0,15239,
491,0.0010397786973044276,0.0,0.0,15249,
491,,,,15251,0.0010520481737330556
492,0.001073935884051025,0.0,0.0,15259,
492,0.0010503910016268492,0.0,0.0,15269,
492,0.0010356766870245337,0.0,0.0,15279,
492,,,,15282,0.000994556350633502
493,0.00112946389708668,0.0,0.0,15289,
493,0.0013786960626021028,0.0,0.0,15299,
493,0.0010799226583912969,0.0,0.0,15309,
493,,,,15313,0.0010451298439875245
494,0.0008693106938153505,0.0,0.0,15319,
494,0.0012212572619318962,0.0,0.0,15329,
494,0.0012033669045194983,0.0,0.0,15339,
494,,,,15344,0.0010038355831056833
495,0.0011171380756422877,0.0,0.0,15349,
495,0.0012602825881913304,0.0,0.0,15359,
495,0.0008179894066415727,0.0,0.0,15369,
495,,,,15375,0.001038462738506496
496,0.0013989054132252932,0.0,0.0,15379,
496,0.0010038522304967046,0.0,0.0,15389,
496,0.0007188094314187765,0.0,0.0,15399,
496,,,,15406,0.0010124433320015669
497,0.001056022709235549,0.0,0.0,15409,
497,0.0012008731719106436,0.0,0.0,15419,
497,0.0007587855798192322,0.0,0.0,15429,
497,,,,15437,0.0010317687410861254
498,0.0009629049454815686,0.0,0.0,15439,
498,0.001377164851874113,0.0,0.0,15449,
498,0.0010778838768601418,0.0,0.0,15459,
498,,,,15468,0.0010181852849200368
499,0.0008540084818378091,0.0,0.0,15469,
499,0.0010784759651869535,0.0,0.0,15479,
499,0.0007756458944641054,0.0,0.0,15489,
499,0.0001418601314071566,0.0,0.0,15499,
499,,,,15499,0.0010260391281917691
500,0.0008858564542606473,0.0,0.0,15509,
500,0.0009741872199811041,0.0,0.0,15519,
500,0.0007619347306899726,0.0,0.0,15529,
500,,,,15530,0.0010209105676040053
501,0.0012976009165868163,0.0,0.0,15539,
501,0.0009785630973055959,0.0,0.0,15549,
501,0.0010350154479965568,0.0,0.0,15559,
501,,,,15561,0.001022357027977705
502,0.001062931609340012,0.0,0.0,15569,
502,0.0010447332169860601,0.0,0.0,15579,
502,0.0010196942603215575,0.0,0.0,15589,
502,,,,15592,0.0010212714551016688
503,0.0011202686000615358,0.0,0.0,15599,
503,0.0013812333345413208,0.0,0.0,15609,
503,0.0010724525200203061,0.0,0.0,15619,
503,,,,15623,0.0010206539882346988
504,0.0008639454608783126,0.0,0.0,15629,
504,0.0012085740454494953,0.0,0.0,15639,
504,0.0011887962464243174,0.0,0.0,15649,
504,,,,15654,0.0010203374549746513
505,0.001131085678935051,0.0,0.0,15659,
505,0.001257645315490663,0.0,0.0,15669,
505,0.0008182378369383514,0.0,0.0,15679,
505,,,,15685,0.0010197889059782028
506,0.0013901168713346124,0.0,0.0,15689,
506,0.000994628993794322,0.0,0.0,15699,
506,0.0007068610284477472,0.0,0.0,15709,
506,,,,15716,0.001019183313474059
507,0.0010623899288475513,0.0,0.0,15719,
507,0.0011988700134679675,0.0,0.0,15729,
507,0.0007584221893921494,0.0,0.0,15739,
507,,,,15747,0.001018861192278564
508,0.0009482987807132304,0.0,0.0,15749,
508,0.0013723968295380473,0.0,0.0,15759,
508,0.0010699675185605884,0.0,0.0,15769,
508,,,,15778,0.0010182084515690804
509,0.0008554363157600164,0.0,0.0,15779,
509,0.0010742958402261138,0.0,0.0,15789,
509,0.0007747362251393497,0.0,0.0,15799,
509,0.0001398900494677946,0.0,0.0,15809,
509,,,,15809,0.0010177657241001725
510,0.0008826844859868288,0.0,0.0,15819,
510,0.0009685942204669118,0.0,0.0,15829,
510,0.0007583810365758836,0.0,0.0,15839,
510,,,,15840,0.001017267582938075
511,0.001295101479627192,0.0,0.0,15849,
511,0.0009753773920238018,0.0,0.0,15859,
511,0.0010319175198674202,0.0,0.0,15869,
511,,,,15871,0.001016732188872993
512,0.00105956825427711,0.0,0.0,15879,
512,0.001040023984387517,0.0,0.0,15889,
512,0.001015220768749714,0.0,0.0,15899,
512,,,,15902,0.0010162799153476954
513,0.00111845089122653,0.0,0.0,15909,
513,0.0013773033861070871,0.0,0.0,15919,
513,0.0010678810067474842,0.0,0.0,15929,
513,,,,15933,0.0010158313671126962
514,0.0008589284843765199,0.0,0.0,15939,
514,0.0012020404683426023,0.0,0.0,15949,
514,0.001183253712952137,0.0,0.0,15959,
514,,,,15964,0.0010154115734621882
515,0.0011279943864792585,0.0,0.0,15969,
515,0.0012563463533297181,0.0,0.0,15979,
515,0.000816609594039619,0.0,0.0,15989,
515,,,,15995,0.0010150931775569916
516,0.0013835827121511102,0.0,0.0,15999,
516,0.0009891026420518756,0.0,0.0,16009,
516,0.000701652024872601,0.0,0.0,16019,
516,,,,16026,0.0010148338042199612
517,0.0010586354183033109,0.0,0.0,16029,
517,0.0011934571666643023,0.0,0.0,16039,
517,0.0007531276205554605,0.0,0.0,16049,
517,,,,16057,0.0010147104039788246
518,0.0009389924816787243,0.0,0.0,16059,
518,0.0013703594449907541,0.0,0.0,16069,
518,0.0010660236002877355,0.0,0.0,16079,
518,,,,16088,0.0010147152934223413
519,0.0008509865729138255,0.0,0.0,16089,
519,0.0010690104681998491,0.0,0.0,16099,
519,0.0007745231851004064,0.0,0.0,16109,
519,0.00013810132804792374,0.0,0.0,16119,
519,,,,16119,0.0010149230947718024
520,0.0008851982420310378,0.0,0.0,16129,
520,0.0009647464612498879,0.0,0.0,16139,
520,0.0007554725743830204,0.0,0.0,16149,
520,,,,16150,0.0010152918985113502
521,0.0012890456710010767,0.0,0.0,16159,
521,0.0009747069561854005,0.0,0.0,16169,
521,0.001026999088935554,0.0,0.0,16179,
521,,,,16181,0.001015879912301898
522,0.001060344628058374,0.0,0.0,16189,
522,0.0010417617158964276,0.0,0.0,16199,
522,0.0010100188665091991,0.0,0.0,16209,
522,,,,16212,0.0010165846906602383
523,0.0011222842149436474,0.0,0.0,16219,
523,0.001371044316329062,0.0,0.0,16229,
523,0.0010625964496284723,0.0,0.0,16239,
523,,,,16243,0.0010173002956435084
524,0.000859315856359899,0.0,0.0,16249,
524,0.0011984086595475674,0.0,0.0,16259,
524,0.0011835232144221663,0.0,0.0,16269,
524,,,,16274,0.001017883769236505
525,0.0011294967262074351,0.0,0.0,16279,
525,0.0012493324466049671,0.0,0.0,16289,
525,0.0008127962937578559,0.0,0.0,16299,
525,,,,16305,0.0010182569967582822
526,0.001384561532177031,0.0,0.0,16309,
526,0.0009843792067840695,0.0,0.0,16319,
526,0.0007030587876215577,0.0,0.0,16329,
526,,,,16336,0.001018408453091979
527,0.001056434353813529,0.0,0.0,16339,
527,0.001189598347991705,0.0,0.0,16349,
527,0.0007392907282337546,0.0,0.0,16359,
527,,,,16367,0.0010184419807046652
528,0.0009278648649342358,0.0,0.0,16369,
528,0.0013620741665363312,0.0,0.0,16379,
528,0.0010689423652365804,0.0,0.0,16389,
528,,,,16398,0.0010183777194470167
529,0.0008557597757317126,0.0,0.0,16399,
529,0.0010669018374755979,0.0,0.0,16409,
529,0.000766586628742516,0.0,0.0,16419,
529,0.0001337760768365115,0.0,0.0,16429,
529,,,,16429,0.001018267939798534
530,0.0008807384292595088,0.0,0.0,16439,
530,0.0009573841234669089,0.0,0.0,16449,
530,0.0007550392183475196,0.0,0.0,16459,
530,,,,16460,0.0010181177640333772
531,0.0012856096727773547,0.0,0.0,16469,
531,0.0009604080696590245,0.0,0.0,16479,
531,0.0010184444254264235,0.0,0.0,16489,
531,,,,16491,0.0010179136879742146
532,0.0010567716090008616,0.0,0.0,16499,
532,0.001033694134093821,0.0,0.0,16509,
532,0.0010070566786453128,0.0,0.0,16519,
532,,,,16522,0.0010176703799515963
533,0.0011230665259063244,0.0,0.0,16529,
533,0.0013656660448759794,0.0,0.0,16539,
533,0.0010526682017371058,0.0,0.0,16549,
533,,,,16553,0.0010173768969252706
534,0.0008559442940168083,0.0,0.0,16559,
534,0.0011901354882866144,0.0,0.0,16569,
534,0.0011819322826340795,0.0,0.0,16579,
534,,,,16584,0.0010170693276450038
535,0.001127918716520071,0.0,0.0,16589,
535,0.0012458381243050098,0.0,0.0,16599,
535,0.0008033965132199228,0.0,0.0,16609,
535,,,,16615,0.0010167089058086276
536,0.0013792901299893856,0.0,0.0,16619,
536,0.0009784135036170483,0.0,0.0,16629,
536,0.0006967844674363732,0.0,0.0,16639,
536,,,,16646,0.0010163451079279184
537,0.0010522386291995645,0.0,0.0,16649,
537,0.0011852526804432273,0.0,0.0,16659,
537,0.0007338891155086458,0.0,0.0,16669,
537,,,,16677,0.0010159587254747748
538,0.0009215293684974313,0.0,0.0,16679,
538,0.0013613288756459951,0.0,0.0,16689,
538,0.0010631580371409655,0.0,0.0,16699,
538,,,,16708,0.0010155499912798405
539,0.000853099103551358,0.0,0.0,16709,
539,0.0010635661892592907,0.0,0.0,16719,
539,0.0007633324130438268,0.0,0.0,16729,
539,0.0001301692536799237,0.0,0.0,16739,
539,,,,16739,0.001015141373500228
540,0.0008765848469920456,0.0,0.0,16749,
540,0.0009516438003629446,0.0,0.0,16759,
540,0.0007492504664696753,0.0,0.0,16769,
540,,,,16770,0.0010147185530513525
541,0.0012815941590815783,0.0,0.0,16779,
541,0.0009566485532559454,0.0,0.0,16789,
541,0.0010125614935532212,0.0,0.0,16799,
541,,,,16801,0.0010142973624169827
542,0.0010538971982896328,0.0,0.0,16809,
542,0.0010289319325238466,0.0,0.0,16819,
542,0.0010019802721217275,0.0,0.0,16829,
542,,,,16832,0.0010138574289157987
543,0.001117535401135683,0.0,0.0,16839,
543,0.0013631238834932446,0.0,0.0,16849,
543,0.0010478122858330607,0.0,0.0,16859,
543,,,,16863,0.0010134306503459811
544,0.0008536736131645739,0.0,0.0,16869,
544,0.0011853266041725874,0.0,0.0,16879,
544,0.0011778583284467459,0.0,0.0,16889,
544,,,,16894,0.0010129893198609352
545,0.0011247199727222323,0.0,0.0,16899,
545,0.0012418709229677916,0.0,0.0,16909,
545,0.0007980089285410941,0.0,0.0,16919,
545,,,,16925,0.001012554974295199
546,0.0013746019685640931,0.0,0.0,16929,
546,0.0009749641176313162,0.0,0.0,16939,
546,0.0006909171934239566,0.0,0.0,16949,
546,,,,16956,0.001012128428556025
547,0.0010465049417689443,0.0,0.0,16959,
547,0.0011797068873420358,0.0,0.0,16969,
547,0.0007297842530533671,0.0,0.0,16979,
547,,,,16987,0.0010116980411112309
548,0.0009160494664683938,0.0,0.0,16989,
548,0.0013608820736408234,0.0,0.0,16999,
548,0.0010591341415420175,0.0,0.0,17009,
548,,,,17018,0.0010112818563356996
549,0.0008490572799928486,0.0,0.0,17019,
549,0.0010596753563731909,0.0,0.0,17029,
549,0.0007597934454679489,0.0,0.0,17039,
549,0.0001272995868930593,0.0,0.0,17049,
549,,,,17049,0.0010108635760843754
550,0.0008727596723474562,0.0,0.0,17059,
550,0.0009468228090554476,0.0,0.0,17069,
550,0.0007453300058841705,0.0,0.0,17079,
550,,,,17080,0.0010104598477482796
551,0.0012776016956195235,0.0,0.0,17089,
551,0.0009531585383228958,0.0,0.0,17099,
551,0.0010072608711197972,0.0,0.0,17109,
551,,,,17111,0.0010100600775331259
552,0.0010507694678381085,0.0,0.0,17119,
552,0.0010256139794364572,0.0,0.0,17129,
552,0.0009972502011805773,0.0,0.0,17139,
552,,,,17142,0.0010096686892211437
553,0.0011132674990221858,0.0,0.0,17149,
553,0.001360784051939845,0.0,0.0,17159,
553,0.0010436117881909013,0.0,0.0,17169,
553,,,,17173,0.0010092774173244834
554,0.0008507560705766082,0.0,0.0,17179,
554,0.0011801052605733275,0.0,0.0,17189,
554,0.0011746117379516363,0.0,0.0,17199,
554,,,,17204,0.0010088979033753276
555,0.0011210627853870392,0.0,0.0,17209,
555,0.001237580319866538,0.0,0.0,17219,
555,0.0007930974825285375,0.0,0.0,17229,
555,,,,17235,0.0010085197864100337
556,0.0013711786596104503,0.0,0.0,17239,
556,0.0009709340520203114,0.0,0.0,17249,
556,0.0006866395124234259,0.0,0.0,17259,
556,,,,17266,0.0010081535438075662
557,0.0010408242233097553,0.0,0.0,17269,
557,0.001175116398371756,0.0,0.0,17279,
557,0.0007252523209899664,0.0,0.0,17289,
557,,,,17297,0.0010077974293380976
558,0.0009105373756028712,0.0,0.0,17299,
558,0.0013583236141130328,0.0,0.0,17309,
558,0.0010563601972535253,0.0,0.0,17319,
558,,,,17328,0.0010074282763525844
559,0.0008454109192825854,0.0,0.0,17329,
559,0.001056021312251687,0.0,0.0,17339,
559,0.0007552328170277178,0.0,0.0,17349,
559,0.00012458712444640696,0.0,0.0,17359,
559,,,,17359,0.0010070846183225513
560,0.0008686027722433209,0.0,0.0,17369,
560,0.0009423518204130232,0.0,0.0,17379,
560,0.0007425908697769046,0.0,0.0,17389,
560,,,,17390,0.0010067210532724857
561,0.0012746105203405023,0.0,0.0,17399,
561,0.0009484842303209007,0.0,0.0,17409,
561,0.0010021078633144498,0.0,0.0,17419,
561,,,,17421,0.0010063666850328445
562,0.0010475135641172528,0.0,0.0,17429,
562,0.00102192850317806,0.0,0.0,17439,
562,0.0009934970876201987,0.0,0.0,17449,
562,,,,17452,0.0010060144122689962
563,0.0011095489608123899,0.0,0.0,17459,
563,0.0013584363041445613,0.0,0.0,17469,
563,0.0010390994139015675,0.0,0.0,17479,
563,,,,17483,0.0010056683095172048
564,0.0008472735644318163,0.0,0.0,17489,
564,0.001174638862721622,0.0,0.0,17499,
564,0.0011719801696017385,0.0,0.0,17509,
564,,,,17514,0.0010053020669147372
565,0.0011176902335137129,0.0,0.0,17519,
565,0.0012335710925981402,0.0,0.0,17529,
565,0.0007882671779952943,0.0,0.0,17539,
565,,,,17545,0.001004945021122694
566,0.001368146506138146,0.0,0.0,17549,
566,0.0009658039198257029,0.0,0.0,17559,
566,0.0006831338396295905,0.0,0.0,17569,
566,,,,17576,0.0010045879753306508
567,0.0010358303552493453,0.0,0.0,17579,
567,0.0011716738808900118,0.0,0.0,17589,
567,0.000720652227755636,0.0,0.0,17599,
567,,,,17607,0.0010042169596999884
568,0.0009053699905052781,0.0,0.0,17609,
568,0.0013548422139137983,0.0,0.0,17619,
568,0.0010538488859310746,0.0,0.0,17629,
568,,,,17638,0.0010038464097306132
569,0.000841862172819674,0.0,0.0,17639,
569,0.0010525552788749337,0.0,0.0,17649,
569,0.000750604784116149,0.0,0.0,17659,
569,0.00012191489076940343,0.0,0.0,17669,
569,,,,17669,0.001003464451059699
570,0.0008643888286314905,0.0,0.0,17679,
570,0.0009380971314385533,0.0,0.0,17689,
570,0.0007398902671411633,0.0,0.0,17699,
570,,,,17700,0.001003081095404923
571,0.001272236811928451,0.0,0.0,17709,
571,0.0009438261622563004,0.0,0.0,17719,
571,0.0009972794214263558,0.0,0.0,17729,
571,,,,17731,0.0010026966920122504
572,0.001044528209604323,0.0,0.0,17739,
572,0.0010181482648476958,0.0,0.0,17749,
572,0.000990329310297966,0.0,0.0,17759,
572,,,,17762,0.0010022956412285566
573,0.0011055025970563293,0.0,0.0,17769,
573,0.0013561710948124528,0.0,0.0,17779,
573,0.0010348486248403788,0.0,0.0,17789,
573,,,,17793,0.0010018806206062436
574,0.0008439012453891337,0.0,0.0,17799,
574,0.001169577008113265,0.0,0.0,17809,
574,0.0011692717671394348,0.0,0.0,17819,
574,,,,17824,0.0010014643194153905
575,0.001113978330977261,0.0,0.0,17829,
575,0.0012299269437789917,0.0,0.0,17839,
575,0.0007839641766622663,0.0,0.0,17849,
575,,,,17855,0.001001050230115652
576,0.0013654829235747457,0.0,0.0,17859,
576,0.0009603110956959426,0.0,0.0,17869,
576,0.0006797631504014134,0.0,0.0,17879,
576,,,,17886,0.0010006059892475605
577,0.0010309972567483783,0.0,0.0,17889,
577,0.001168552553281188,0.0,0.0,17899,
577,0.0007166517316363752,0.0,0.0,17909,
577,,,,17917,0.0010001716436818242
578,0.0009007941698655486,0.0,0.0,17919,
578,0.0013513622106984258,0.0,0.0,17929,
578,0.0010513381566852331,0.0,0.0,17939,
578,,,,17948,0.000999721116386354
579,0.000837607542052865,0.0,0.0,17949,
579,0.001049262355081737,0.0,0.0,17959,
579,0.0007466560928151011,0.0,0.0,17969,
579,0.00011944782454520464,0.0,0.0,17979,
579,,,,17979,0.0009992694249376655
580,0.0008606608607806265,0.0,0.0,17989,
580,0.000934122537728399,0.0,0.0,17999,
580,0.0007370305829681456,0.0,0.0,18009,
580,,,,18010,0.0009987985249608755
581,0.0012698546051979065,0.0,0.0,18019,
581,0.0009400327689945698,0.0,0.0,18029,
581,0.0009928023209795356,0.0,0.0,18039,
581,,,,18041,0.0009983235504478216
582,0.0010419662576168776,0.0,0.0,18049,
582,0.0010152070317417383,0.0,0.0,18059,
582,0.0009873493108898401,0.0,0.0,18069,
582,,,,18072,0.0009978391462936997
583,0.0011011966271325946,0.0,0.0,18079,
583,0.0013539994833990932,0.0,0.0,18089,
583,0.0010312135564163327,0.0,0.0,18099,
583,,,,18103,0.0009973520645871758
584,0.0008409927831962705,0.0,0.0,18109,
584,0.001165122026577592,0.0,0.0,18119,
584,0.001166412141174078,0.0,0.0,18129,
584,,,,18134,0.0009968680096790195
585,0.0011094966903328896,0.0,0.0,18139,
585,0.001226515625603497,0.0,0.0,18149,
585,0.0007802462205290794,0.0,0.0,18159,
585,,,,18165,0.0009963602060452104
586,0.0013632508926093578,0.0,0.0,18169,
586,0.0009548969101160765,0.0,0.0,18179,
586,0.00067655008751899,0.0,0.0,18189,
586,,,,18196,0.000995845184661448
587,0.0010258929105475545,0.0,0.0,18199,
587,0.0011653595138341188,0.0,0.0,18209,
587,0.000713334244210273,0.0,0.0,18219,
587,,,,18227,0.0009953295812010765
588,0.0008966854074969888,0.0,0.0,18229,
588,0.001347973826341331,0.0,0.0,18239,
588,0.0010489624692127109,0.0,0.0,18249,
588,,,,18258,0.0009948124643415213
